scene_name,criterion,trial_idx,seed,method_id,method_name,objective_init,objective_final,reduction_pct,time_sec,iterations,min_eigJ,min_sin_init,min_sin_final
cube,aopt,1,55,gs_sqp,GS-SQP,1680.12711805293,1116.59494691276,33.5410437153848,3.06365716666667,10,0.00268666292636831,1,1
cube,aopt,1,55,iso_sqp,Iso-SQP,1680.12711805293,1181.9351384057,29.6520408660847,3.764141,100,0.00253754803866391,1,1
cube,aopt,1,55,manopt,Manopt,1680.12711805293,1116.59495360628,33.541043316991,4.80819395833333,50,0.00268672637288943,1,0.965434832130243
cube,aopt,1,55,tr_sqp,TR-SQP,1680.12711805293,1116.59494618789,33.5410437585286,4.79808829166667,37,0.0026867295618549,1,0.698530092811577
cube,aopt,1,55,pso,PSO,1680.12711805293,1142.47439735918,32.0007167860501,0.466221083333333,80,0.00248773334691819,1,0.352472385943343
cube,aopt,1,55,de,DE,1680.12711805293,1189.9265392435,29.1763982345285,0.924311375,80,0.00229096586623428,1,0.147062748432486
cube,aopt,2,56,gs_sqp,GS-SQP,2721.31330851674,1110.80106709923,59.1814340663083,2.971906125,13,0.00270033850330686,1,1
cube,aopt,2,56,iso_sqp,Iso-SQP,2721.31330851674,1158.61766816761,57.4243191865651,3.79003025,100,0.00258875256803805,1,1
cube,aopt,2,56,manopt,Manopt,2721.31330851674,1110.80106129548,59.1814342795784,4.65570666666667,50,0.00270071258512851,1,0.990011564277076
cube,aopt,2,56,tr_sqp,TR-SQP,2721.31330851674,1110.8010513784,59.1814346440011,4.88867404166667,37,0.00270074337486586,1,0.972930248633983
cube,aopt,2,56,pso,PSO,2721.31330851674,1198.57309871648,55.9560784506005,0.46126425,80,0.00250009497774194,1,0.183749644624829
cube,aopt,2,56,de,DE,2721.31330851674,1186.39622993523,56.4035413995797,0.770684541666667,80,0.00216730089127443,1,0.129633928557984
cube,aopt,3,57,gs_sqp,GS-SQP,2529.17245733977,1130.65488452817,55.2954611202191,2.50765066666667,10,0.00265302674567164,1,1
cube,aopt,3,57,iso_sqp,Iso-SQP,2529.17245733977,1158.25579785263,54.2041589733701,4.273280375,100,0.00258954891232026,1,1
cube,aopt,3,57,manopt,Manopt,2529.17245733977,1130.65487441121,55.2954615202295,6.846411875,50,0.00265331920417899,1,0.963437905661539
cube,aopt,3,57,tr_sqp,TR-SQP,2529.17245733977,1130.65487168733,55.2954616279281,3.968123375,34,0.00265331872814014,1,0.834289160964589
cube,aopt,3,57,pso,PSO,2529.17245733977,1271.73009203033,49.7175414693563,0.708454333333333,80,0.00235854351873688,1,0.275041272048023
cube,aopt,3,57,de,DE,2529.17245733977,1214.98886045947,51.9610117161637,1.06969495833333,80,0.00224903358272677,1,0.699629196248168
cube,aopt,4,58,gs_sqp,GS-SQP,2913.49587832041,1124.64747604132,61.3986934249701,3.04171870833333,12,0.00266730340981479,1,1
cube,aopt,4,58,iso_sqp,Iso-SQP,2913.49587832041,1154.19881989511,60.3844018286207,3.837070625,100,0.00259800527532952,1,1
cube,aopt,4,58,manopt,Manopt,2913.49587832041,1124.64747964815,61.3986933011727,4.74197495833333,50,0.00266748995313429,1,0.978566359468212
cube,aopt,4,58,tr_sqp,TR-SQP,2913.49587832041,1124.6474716617,61.3986935752921,4.88383079166667,37,0.00266749232079126,1,0.809470195110059
cube,aopt,4,58,pso,PSO,2913.49587832041,1124.70952316914,61.3965637796776,0.443334,80,0.002639579670472,1,0.19686421584745
cube,aopt,4,58,de,DE,2913.49587832041,1223.48726263182,58.0062126829868,0.878714125,80,0.00193831465378023,1,0.197327145455316
cube,aopt,5,59,gs_sqp,GS-SQP,1547.59931125425,1125.13706942415,27.2979083641308,3.52235270833333,17,0.00266384964849044,1,1
cube,aopt,5,59,iso_sqp,Iso-SQP,1547.59931125425,1145.56437205708,25.9779735150787,3.25665766666667,100,0.00261795397787567,1,1
cube,aopt,5,59,manopt,Manopt,1547.59931125425,1125.13647735327,27.2979466215064,5.46029633333333,50,0.00266623939380324,1,0.997081307232526
cube,aopt,5,59,tr_sqp,TR-SQP,1547.59931125425,1125.13646810356,27.2979472191876,4.28069783333333,34,0.00266632041457618,1,0.907846074663288
cube,aopt,5,59,pso,PSO,1547.59931125425,1154.23114161487,25.417959725026,0.454584333333333,80,0.00259541711951078,1,0.937088999238053
cube,aopt,5,59,de,DE,1547.59931125425,1216.23598632543,21.4114417420015,0.847809375,80,0.00234351251329319,1,0.609680226734856
cube,aopt,6,60,gs_sqp,GS-SQP,1595.72811143144,1114.44144648365,30.1609441796484,2.88951704166667,11,0.00269077409371617,1,1
cube,aopt,6,60,iso_sqp,Iso-SQP,1595.72811143144,1164.80742305239,27.004643541217,3.82967595833333,100,0.00257395559608992,1,1
cube,aopt,6,60,manopt,Manopt,1595.72811143144,1114.44114461628,30.1609630968666,5.18859883333333,50,0.002691922195841,1,0.989908960285662
cube,aopt,6,60,tr_sqp,TR-SQP,1595.72811143144,1114.44114159759,30.1609632860401,5.25246820833333,39,0.00269191242643046,1,0.615037822523471
cube,aopt,6,60,pso,PSO,1595.72811143144,1193.21279310576,25.2245552009868,0.677197916666667,80,0.00251328813447204,1,0.122981182935627
cube,aopt,6,60,de,DE,1595.72811143144,1201.83871485732,24.6839918249476,1.033415375,80,0.00221371369613245,1,0.56987837877719
cube,aopt,7,61,gs_sqp,GS-SQP,2730.46321029178,1131.14980818851,58.5729701859767,3.35409441666667,12,0.00265193652844879,1,1
cube,aopt,7,61,iso_sqp,Iso-SQP,2730.46321029178,1143.43799374177,58.1229298592315,3.58445770833333,100,0.00262329475418766,1,1
cube,aopt,7,61,manopt,Manopt,2730.46321029178,1131.14980873217,58.5729701660659,6.00724454166667,50,0.00265207739232992,1,0.996329568398574
cube,aopt,7,61,tr_sqp,TR-SQP,2730.46321029178,1131.14980332574,58.57297036407,3.97916179166667,32,0.00265215803802601,1,0.866480154762447
cube,aopt,7,61,pso,PSO,2730.46321029178,1208.35246672268,55.7455137220637,0.450118541666667,80,0.00242509136479789,1,0.5393180575481
cube,aopt,7,61,de,DE,2730.46321029178,1242.24012769632,54.5044180410849,1.03590829166667,80,0.00203840120548151,1,0.340830127120487
cube,aopt,8,62,gs_sqp,GS-SQP,1802.34942469335,1133.17274421207,37.1280214209922,3.95103545833333,15,0.00264510752420523,1,1
cube,aopt,8,62,iso_sqp,Iso-SQP,1802.34942469335,1182.19426557047,34.4081536369338,3.14088041666667,100,0.00253697601596203,1,1
cube,aopt,8,62,manopt,Manopt,1802.34942469335,1133.17221548284,37.1280507565487,4.69828154166667,50,0.00264741091075084,1,0.959978073411463
cube,aopt,8,62,tr_sqp,TR-SQP,1802.34942469335,1133.17221265941,37.1280509132014,5.15192954166667,40,0.00264742507208968,1,0.591617693859519
cube,aopt,8,62,pso,PSO,1802.34942469335,1159.40728980833,35.6724465343011,0.698971958333333,80,0.00256436968847646,1,0.358884175020484
cube,aopt,8,62,de,DE,1802.34942469335,1198.82958943701,33.4851736842884,0.93271675,80,0.00214677324751136,1,0.186128668065929
cube,aopt,9,63,gs_sqp,GS-SQP,2210.43482925458,1108.7480357616,49.8402748143677,3.19346966666667,13,0.00270281000058335,1,1
cube,aopt,9,63,iso_sqp,Iso-SQP,2210.43482925458,1144.37176279353,48.2286585585765,3.99802329166667,100,0.00261697380325395,1,1
cube,aopt,9,63,manopt,Manopt,2210.43482925458,1108.74595112958,49.8403691230524,4.274671375,50,0.00270574843610205,1,0.956404458110715
cube,aopt,9,63,tr_sqp,TR-SQP,2210.43482925458,1108.74594470149,49.8403694138591,4.43167170833333,37,0.00270574940097045,1,0.799539307159276
cube,aopt,9,63,pso,PSO,2210.43482925458,1158.61849438727,47.58413688324,0.285687541666667,80,0.0025088709801114,1,0.172788310791351
cube,aopt,9,63,de,DE,2210.43482925458,1127.29986602389,49.0009906148623,0.513257791666667,80,0.00244162636154133,1,0.236697075626316
cube,aopt,10,64,gs_sqp,GS-SQP,2249.92393946845,1111.1920046991,50.6120191351168,3.91298433333333,13,0.00269684446018532,1,1
cube,aopt,10,64,iso_sqp,Iso-SQP,2249.92393946845,1126.15112882746,49.947146698056,3.24392629166667,100,0.00266369628307322,1,1
cube,aopt,10,64,manopt,Manopt,2249.92393946845,1111.19133794434,50.6120487696638,5.550336,50,0.00269978456135033,1,0.985004950993397
cube,aopt,10,64,tr_sqp,TR-SQP,2249.92393946845,1111.19132933562,50.6120491522862,3.95005558333333,34,0.00269979475146036,1,0.759607111675016
cube,aopt,10,64,pso,PSO,2249.92393946845,1125.97213925285,49.9551020591894,0.55209275,80,0.00253265560826332,1,0.393497920763655
cube,aopt,10,64,de,DE,2249.92393946845,1180.62415782204,47.5260413424925,0.919100666666667,80,0.0023545771282075,1,0.89076653745193
cube,aopt,11,65,gs_sqp,GS-SQP,1897.61847060961,1125.45358999378,40.6912607868838,0.243121375,33,0.00265983418568631,1,1
cube,aopt,11,65,iso_sqp,Iso-SQP,1897.61847060961,1156.98406013943,39.0296796717124,0.690066958333333,100,0.00259230588929988,1,1
cube,aopt,11,65,manopt,Manopt,1897.61847060961,1125.44916986674,40.691493717112,2.14987170833333,50,0.00266559178447434,1,0.932117907573884
cube,aopt,11,65,tr_sqp,TR-SQP,1897.61847060961,1125.44916490137,40.6914939787755,2.00806683333333,39,0.00266559200225071,1,0.71447856677057
cube,aopt,11,65,pso,PSO,1897.61847060961,1178.41745106239,37.9001907225418,0.164599708333333,80,0.00243862988705362,1,0.509767794558688
cube,aopt,11,65,de,DE,1897.61847060961,1209.32852939318,36.2712500893454,0.218886666666667,80,0.00219896500954519,1,0.721778020457971
cube,aopt,12,66,gs_sqp,GS-SQP,1507.8097568199,1118.73079953807,25.8042472216407,0.158975958333333,10,0.0026804961647623,1,1
cube,aopt,12,66,iso_sqp,Iso-SQP,1507.8097568199,1134.74253535337,24.7423270594402,0.917982166666667,100,0.00264234120052868,1,1
cube,aopt,12,66,manopt,Manopt,1507.8097568199,1118.73058767965,25.8042612723802,2.12685645833333,50,0.00268160068707008,1,0.981363583142852
cube,aopt,12,66,tr_sqp,TR-SQP,1507.8097568199,1118.73058533938,25.80426142759,1.57165258333333,37,0.0026816004739227,1,0.806541932497581
cube,aopt,12,66,pso,PSO,1507.8097568199,1132.07955872448,24.9189393022539,0.192350291666667,80,0.00251729705926456,1,0.17912261373586
cube,aopt,12,66,de,DE,1507.8097568199,1158.23512071764,23.1842667499074,0.224795083333333,80,0.00241460931336049,1,0.542565853285619
cube,aopt,13,67,gs_sqp,GS-SQP,1662.34080471823,1106.81996652366,33.4179872513405,0.141463916666667,11,0.00270853813187081,1,1
cube,aopt,13,67,iso_sqp,Iso-SQP,1662.34080471823,1143.67751327952,31.200779645581,1.194883625,100,0.00262271052964608,1,1
cube,aopt,13,67,manopt,Manopt,1662.34080471823,1106.81956054524,33.4180116734338,3.00893733333333,50,0.00271041245254192,1,0.985291912701466
cube,aopt,13,67,tr_sqp,TR-SQP,1662.34080471823,1106.81955145174,33.4180122204638,3.05708516666667,42,0.00271045851855766,1,0.415344833075115
cube,aopt,13,67,pso,PSO,1662.34080471823,1139.30164892457,31.4640147380802,0.216870833333333,80,0.00251275984647586,1,0.0525585582528358
cube,aopt,13,67,de,DE,1662.34080471823,1146.6859001149,31.0198067171151,0.218892083333333,80,0.00244644160450688,1,0.131185140471798
cube,aopt,14,68,gs_sqp,GS-SQP,2110.63647567247,1127.10400201448,46.5988570269842,0.1930135,17,0.00265994985551428,1,1
cube,aopt,14,68,iso_sqp,Iso-SQP,2110.63647567247,1158.69632877391,45.1020418660804,0.789486833333333,100,0.00258771757044124,1,1
cube,aopt,14,68,manopt,Manopt,2110.63647567247,1127.10319372826,46.5988953228363,1.95302354166667,50,0.00266168021486313,1,0.98313223711675
cube,aopt,14,68,tr_sqp,TR-SQP,2110.63647567247,1127.10318680959,46.5988956506361,2.00988920833333,37,0.00266168049479706,1,0.459518668261351
cube,aopt,14,68,pso,PSO,2110.63647567247,1223.0117237434,42.0548380623559,0.15765875,80,0.00244283599563598,1,0.655762389559383
cube,aopt,14,68,de,DE,2110.63647567247,1200.19985531459,43.1356432456143,0.269767875,80,0.0022687305017997,1,0.591289570136436
cube,aopt,15,69,gs_sqp,GS-SQP,2662.08256788316,1127.39374009472,57.6499334131771,0.471664791666667,17,0.00265911647635518,1,1
cube,aopt,15,69,iso_sqp,Iso-SQP,2662.08256788316,1142.24300223098,57.0921271935125,2.60180329166667,100,0.00262521286717691,1,1
cube,aopt,15,69,manopt,Manopt,2662.08256788316,1127.39332926267,57.6499488459085,3.53072308333333,50,0.00266099453332372,1,0.966858302576914
cube,aopt,15,69,tr_sqp,TR-SQP,2662.08256788316,1127.39332214119,57.6499491134237,4.97947191666667,34,0.0026609953371196,1,0.599045339622233
cube,aopt,15,69,pso,PSO,2662.08256788316,1162.46073489594,56.3326566605969,0.211409041666667,80,0.00256920453861223,1,0.0773300340078515
cube,aopt,15,69,de,DE,2662.08256788316,1202.04107343219,54.8458380692516,0.271102333333333,80,0.0021176685579825,1,0.46509121238271
cube,aopt,16,70,gs_sqp,GS-SQP,1609.18054370277,1121.05795921327,30.3336121232435,0.044148,10,0.00267499337648455,1,1
cube,aopt,16,70,iso_sqp,Iso-SQP,1609.18054370277,1153.02230043715,28.3472382916081,0.724031416666667,100,0.00260102651145119,1,1
cube,aopt,16,70,manopt,Manopt,1609.18054370277,1121.05786348016,30.3336180724274,1.87617645833333,50,0.00267602550493886,1,0.809041410701395
cube,aopt,16,70,tr_sqp,TR-SQP,1609.18054370277,1121.05785976939,30.3336183030277,1.65616929166667,38,0.00267603376206025,1,0.948268545448889
cube,aopt,16,70,pso,PSO,1609.18054370277,1145.05099624085,28.8426024834942,0.24874225,80,0.00260076250945507,1,0.615507827275094
cube,aopt,16,70,de,DE,1609.18054370277,1220.79684145779,24.1354957816789,0.228427041666667,80,0.00227820276943343,1,0.675383752626644
cube,aopt,17,71,gs_sqp,GS-SQP,1676.58325752877,1115.57746489222,33.4612546151425,0.245024583333333,20,0.00268589234555157,1,1
cube,aopt,17,71,iso_sqp,Iso-SQP,1676.58325752877,1143.49805970037,31.7959275469655,0.889369041666667,100,0.00262210903740856,1,1
cube,aopt,17,71,manopt,Manopt,1676.58325752877,1115.57646738417,33.4613141116239,2.163451125,50,0.00268915759513473,1,0.976840399742243
cube,aopt,17,71,tr_sqp,TR-SQP,1676.58325752877,1115.57646416979,33.4613143033464,1.501430875,36,0.00268918245738729,1,0.917585578823597
cube,aopt,17,71,pso,PSO,1676.58325752877,1174.97532587458,29.9184624086932,0.222509625,80,0.00245737764487665,1,0.288940152608306
cube,aopt,17,71,de,DE,1676.58325752877,1210.64165974323,27.7911398490479,0.232988833333333,80,0.00231440582187951,1,0.32557943673797
cube,aopt,18,72,gs_sqp,GS-SQP,1936.25270274071,1124.35009158736,41.9316450793908,0.290322041666667,23,0.00266469866355086,1,1
cube,aopt,18,72,iso_sqp,Iso-SQP,1936.25270274071,1161.25469261112,40.025664472029,1.437481,100,0.00258171377433757,1,1
cube,aopt,18,72,manopt,Manopt,1936.25270274071,1124.34757394521,41.9317751059184,2.76058483333333,50,0.00266820244194035,1,0.986322161064491
cube,aopt,18,72,tr_sqp,TR-SQP,1936.25270274071,1124.34756209627,41.9317757178704,1.52192475,38,0.00266820397477157,1,0.902683535882906
cube,aopt,18,72,pso,PSO,1936.25270274071,1261.3852144968,34.8543083910823,0.204221916666667,80,0.00237158150075016,1,0.216079997381221
cube,aopt,18,72,de,DE,1936.25270274071,1206.55075185809,37.6862973438199,0.307355041666667,80,0.0022366493132265,1,0.194631975994806
cube,aopt,19,73,gs_sqp,GS-SQP,2333.18342795194,1126.6283982439,51.7128235720047,0.144763333333333,14,0.00266131217676646,1,1
cube,aopt,19,73,iso_sqp,Iso-SQP,2333.18342795194,1169.19636293334,49.8883650155333,0.778257416666667,100,0.00256423162011224,1,1
cube,aopt,19,73,manopt,Manopt,2333.18342795194,1126.62813551255,51.712834832643,2.125276125,50,0.00266276104241697,1,0.967900482845488
cube,aopt,19,73,tr_sqp,TR-SQP,2333.18342795194,1126.62813105253,51.7128350237992,1.98739183333333,37,0.00266280272152845,1,0.62567988310784
cube,aopt,19,73,pso,PSO,2333.18342795194,1214.4445452617,47.9490326087334,0.152231166666667,80,0.00246966403889348,1,0.773502006595614
cube,aopt,19,73,de,DE,2333.18342795194,1260.54305016508,45.9732554644631,0.284956583333333,80,0.00197083117673692,1,0.534957992032099
cube,aopt,20,74,gs_sqp,GS-SQP,1571.70893333262,1120.37358454079,28.7162170564766,0.448883833333333,11,0.00267553586069943,1,1
cube,aopt,20,74,iso_sqp,Iso-SQP,1571.70893333262,1159.24840676008,26.2428060199395,2.884963,100,0.00258687626004798,1,1
cube,aopt,20,74,manopt,Manopt,1571.70893333262,1120.37311259103,28.7162470842858,2.690602875,50,0.00267766633270403,1,0.973189216144092
cube,aopt,20,74,tr_sqp,TR-SQP,1571.70893333262,1120.37310903354,28.7162473106314,5.20398266666667,40,0.00267766885172074,1,0.448020715477854
cube,aopt,20,74,pso,PSO,1571.70893333262,1156.88744759639,26.3930220754453,0.193670125,80,0.00254172800201039,1,0.178707823316841
cube,aopt,20,74,de,DE,1571.70893333262,1256.70493055634,20.0421335080376,0.320229,80,0.00203809885164298,1,0.817414887443737
cube,aopt,21,75,gs_sqp,GS-SQP,1602.43832881768,1120.85769615796,30.0529901213133,0.0948677083333333,12,0.00267525950742689,1,1
cube,aopt,21,75,iso_sqp,Iso-SQP,1602.43832881768,1155.84062200237,27.8698842123193,0.792214208333333,100,0.00259480409132576,1,1
cube,aopt,21,75,manopt,Manopt,1602.43832881768,1120.857484899,30.0530033049072,1.92529629166667,50,0.00267641014439459,1,0.977051310941029
cube,aopt,21,75,tr_sqp,TR-SQP,1602.43832881768,1120.85748071629,30.053003565929,2.104002,35,0.00267650984369838,1,0.775549766216136
cube,aopt,21,75,pso,PSO,1602.43832881768,1181.84199384363,26.2472712621878,0.27232175,80,0.00253139505362561,1,0.179516515832384
cube,aopt,21,75,de,DE,1602.43832881768,1225.65089160681,23.5133814783921,0.247587,80,0.00210994811454997,1,0.191022392416428
cube,aopt,22,76,gs_sqp,GS-SQP,1527.82752022019,1114.28274748932,27.0675038417472,0.187397708333333,10,0.0026915964699351,1,1
cube,aopt,22,76,iso_sqp,Iso-SQP,1527.82752022019,1128.41144038289,26.14274677941,0.926082458333333,100,0.00265799820978247,1,1
cube,aopt,22,76,manopt,Manopt,1527.82752022019,1114.28270116989,27.0675068734658,2.37331891666667,50,0.00269230416744584,1,0.965522093886253
cube,aopt,22,76,tr_sqp,TR-SQP,1527.82752022019,1114.28269500384,27.0675072770483,1.91169158333333,35,0.00269230421480315,1,0.974976437401771
cube,aopt,22,76,pso,PSO,1527.82752022019,1232.66101708573,19.3193602830192,0.205116875,80,0.00243273023811863,1,0.381024603054444
cube,aopt,22,76,de,DE,1527.82752022019,1193.7086621883,21.868885958,0.212544375,80,0.00234984359857613,1,0.304081579019467
cube,aopt,23,77,gs_sqp,GS-SQP,2376.75295971945,1115.77895658966,53.0544833434701,0.119129416666667,12,0.00268804761747373,1,1
cube,aopt,23,77,iso_sqp,Iso-SQP,2376.75295971945,1156.96194031739,51.3217418921842,1.315926,100,0.00259256870720156,1,1
cube,aopt,23,77,manopt,Manopt,2376.75295971945,1115.77920087142,53.0544730655086,2.52957091666667,50,0.00268843293661176,1,0.451986068750876
cube,aopt,23,77,tr_sqp,TR-SQP,2376.75295971945,1115.77891299129,53.0544851778372,1.49172070833333,38,0.00268869452750103,1,0.979803711222559
cube,aopt,23,77,pso,PSO,2376.75295971945,1132.79919134779,52.3383704345318,0.171881166666667,80,0.0026347593450933,1,0.25683043297457
cube,aopt,23,77,de,DE,2376.75295971945,1188.03157153992,50.0145117446217,0.252151583333333,80,0.00212668172737667,1,0.219048802090919
cube,aopt,24,78,gs_sqp,GS-SQP,1942.9608589053,1132.79020757655,41.6977340338812,0.142508708333333,14,0.00264699873186905,1,1
cube,aopt,24,78,iso_sqp,Iso-SQP,1942.9608589053,1183.64176661755,39.0805140930922,0.749166833333333,100,0.00253335448611457,1,1
cube,aopt,24,78,manopt,Manopt,1942.9608589053,1132.79004167783,41.6977425723301,2.10523045833333,50,0.00264809858013238,1,0.976493370960922
cube,aopt,24,78,tr_sqp,TR-SQP,1942.9608589053,1132.79003122147,41.6977431104968,1.90185216666667,40,0.00264831824686229,1,0.751914913806793
cube,aopt,24,78,pso,PSO,1942.9608589053,1166.8875720213,39.942816311866,0.178559541666667,80,0.00250051861188825,1,0.0741394294587137
cube,aopt,24,78,de,DE,1942.9608589053,1223.91350639453,37.0078146049681,0.565918625,80,0.00226059069472253,1,0.28440958333224
cube,aopt,25,79,gs_sqp,GS-SQP,1957.77359983332,1127.18864402216,42.4249747714379,0.676964708333333,14,0.00266074534717912,1,1
cube,aopt,25,79,iso_sqp,Iso-SQP,1957.77359983332,1158.05631538498,40.8483026084541,2.19164854166667,100,0.00258962379470016,1,1
cube,aopt,25,79,manopt,Manopt,1957.77359983332,1127.18861522199,42.4249762425056,2.54064770833333,50,0.00266147887985681,1,0.929679164735365
cube,aopt,25,79,tr_sqp,TR-SQP,1957.77359983332,1127.18860104312,42.4249769667399,4.93388875,35,0.002661478561598,1,0.875067217165345
cube,aopt,25,79,pso,PSO,1957.77359983332,1168.73686769672,40.3027567745205,0.246788083333333,80,0.00256000896330384,1,0.334173482136915
cube,aopt,25,79,de,DE,1957.77359983332,1170.20334345804,40.2278514963291,0.236842875,80,0.00238020607580202,1,0.800081374695733
cube,aopt,26,80,gs_sqp,GS-SQP,1545.52990712389,1113.51401749787,27.9526062636968,0.0643292916666667,15,0.00269308128884748,1,1
cube,aopt,26,80,iso_sqp,Iso-SQP,1545.52990712389,1156.02513948755,25.2020207335342,0.662857333333333,100,0.00259367333191004,1,1
cube,aopt,26,80,manopt,Manopt,1545.52990712389,1113.51376020707,27.952622911113,1.875055,50,0.00269416408876566,1,0.983875419193614
cube,aopt,26,80,tr_sqp,TR-SQP,1545.52990712389,1113.51374868976,27.9526236563147,1.258918375,39,0.00269416407331345,1,0.988659882661809
cube,aopt,26,80,pso,PSO,1545.52990712389,1161.30185243385,24.8606030151206,0.182317291666667,80,0.00236481336384966,1,0.174634224353179
cube,aopt,26,80,de,DE,1545.52990712389,1141.49698412188,26.1420320072539,0.209452208333333,80,0.00243735620651828,1,0.568166400001349
cube,aopt,27,81,gs_sqp,GS-SQP,1468.66901005667,1129.21949847424,23.112730591989,0.08256225,12,0.00265565518287587,1,1
cube,aopt,27,81,iso_sqp,Iso-SQP,1468.66901005667,1166.13879339074,20.5989378542312,0.927395125,100,0.00257057308299574,1,1
cube,aopt,27,81,manopt,Manopt,1468.66901005667,1129.2194131686,23.1127364003531,2.04103383333333,50,0.00265669245461193,1,0.998530512870624
cube,aopt,27,81,tr_sqp,TR-SQP,1468.66901005667,1129.21940889047,23.1127366916458,1.99689616666667,37,0.00265669197974242,1,0.907340651427249
cube,aopt,27,81,pso,PSO,1468.66901005667,1142.40103915848,22.2152145012989,0.211200416666667,80,0.0025770359372691,1,0.32747317679667
cube,aopt,27,81,de,DE,1468.66901005667,1187.65035123178,19.1342403836823,0.214886833333333,80,0.00225954394349311,1,0.633064717502412
cube,aopt,28,82,gs_sqp,GS-SQP,1495.03569021666,1112.49805130491,25.5871910894861,0.224759708333333,21,0.00269422796791971,1,1
cube,aopt,28,82,iso_sqp,Iso-SQP,1495.03569021666,1154.19644611639,22.7980673859953,1.45064016666667,100,0.0025974047507138,1,1
cube,aopt,28,82,manopt,Manopt,1495.03569021666,1112.49747510953,25.587229630063,2.93857191666667,50,0.00269662533313624,1,0.991434033356226
cube,aopt,28,82,tr_sqp,TR-SQP,1495.03569021666,1112.49747084146,25.5872299155456,2.35887733333333,36,0.00269662479727801,1,0.637767595823379
cube,aopt,28,82,pso,PSO,1495.03569021666,1171.57349241788,21.6357508998271,0.160790958333333,80,0.00248907444846446,1,0.753718972913102
cube,aopt,28,82,de,DE,1495.03569021666,1237.94388682134,17.1963656170686,0.342896041666667,80,0.00230586235028524,1,0.895520966676852
cube,aopt,29,83,gs_sqp,GS-SQP,1474.83652554159,1107.51787824009,24.9057194434896,0.122793125,9,0.00270847821477279,1,1
cube,aopt,29,83,iso_sqp,Iso-SQP,1474.83652554159,1145.56369148383,22.3260563699993,0.793133416666667,100,0.00261850039200723,1,1
cube,aopt,29,83,manopt,Manopt,1474.83652554159,1107.51787556125,24.9057196251258,2.11276583333333,50,0.00270867272879874,1,0.970722082841129
cube,aopt,29,83,tr_sqp,TR-SQP,1474.83652554159,1107.51787195263,24.9057198698054,2.046315375,38,0.00270874906422674,1,0.99708319905349
cube,aopt,29,83,pso,PSO,1474.83652554159,1156.48591194356,21.5854847696505,0.179242958333333,80,0.00245679687397294,1,0.610052692814783
cube,aopt,29,83,de,DE,1474.83652554159,1208.83030017105,18.0363193319245,0.25675525,80,0.00228065420745264,1,0.781884861204449
cube,aopt,30,84,gs_sqp,GS-SQP,1647.0845256632,1115.96856398019,32.2458230532615,0.508320791666667,13,0.00268691007748541,1,1
cube,aopt,30,84,iso_sqp,Iso-SQP,1647.0845256632,1159.13755484933,29.6248895069544,2.95753179166667,100,0.00258712425001172,1,1
cube,aopt,30,84,manopt,Manopt,1647.0845256632,1115.96858705466,32.2458216523337,2.44044475,50,0.00268823725473884,1,0.945296719860747
cube,aopt,30,84,tr_sqp,TR-SQP,1647.0845256632,1115.96841892606,32.2458318599823,5.06492195833333,36,0.00268823703594256,1,0.829095303600467
cube,aopt,30,84,pso,PSO,1647.0845256632,1174.61325308429,28.6853082047303,0.267085791666667,80,0.00255269162292215,1,0.182438381018102
cube,aopt,30,84,de,DE,1647.0845256632,1208.15760256557,26.6487187669315,0.260413,80,0.00224810843230232,1,0.1137089692771
cube,aopt,31,85,gs_sqp,GS-SQP,1779.13182650732,1105.56129801452,37.8595064433819,0.168339708333333,12,0.00271267838862832,1,1
cube,aopt,31,85,iso_sqp,Iso-SQP,1779.13182650732,1156.55660559608,34.9932035184511,0.700458291666667,100,0.00259275041676589,1,1
cube,aopt,31,85,manopt,Manopt,1779.13182650732,1105.5612453684,37.8595094024725,1.870158125,50,0.00271347282988468,1,0.983614148291437
cube,aopt,31,85,tr_sqp,TR-SQP,1779.13182650732,1105.561226817,37.8595104451946,2.43160970833333,42,0.00271353199751846,1,0.289231241086588
cube,aopt,31,85,pso,PSO,1779.13182650732,1128.17005708559,36.5887316343306,0.23862725,80,0.00264882848464424,1,0.826575535534876
cube,aopt,31,85,de,DE,1779.13182650732,1206.65827274831,32.1771296106176,0.25285425,80,0.00219656882899103,1,0.736641574370368
cube,aopt,32,86,gs_sqp,GS-SQP,2283.45570239,1117.16814062352,51.0755501210634,0.14394425,16,0.00268478006571775,1,1
cube,aopt,32,86,iso_sqp,Iso-SQP,2283.45570239,1167.23283751733,48.8830531594882,0.779599,100,0.00256945681428858,1,1
cube,aopt,32,86,manopt,Manopt,2283.45570239,1117.16812656585,51.0755507366947,2.03986320833333,50,0.00268535124039542,1,0.884251619511348
cube,aopt,32,86,tr_sqp,TR-SQP,2283.45570239,1117.16810897969,51.07555150685,2.057119375,38,0.00268535083828375,1,0.967280140095502
cube,aopt,32,86,pso,PSO,2283.45570239,1148.94443113961,49.6839623410668,0.160983875,80,0.00261077829791694,1,0.713307928720614
cube,aopt,32,86,de,DE,2283.45570239,1230.44631863982,46.1147278945694,0.230799666666667,80,0.00207637656814657,1,0.745275482983034
cube,aopt,33,87,gs_sqp,GS-SQP,1628.1149162682,1105.97540934137,32.0701875346507,0.552594125,26,0.00270851426068964,1,1
cube,aopt,33,87,iso_sqp,Iso-SQP,1628.1149162682,1140.99248344086,29.9194134246912,1.13310066666667,100,0.00262852043072873,1,1
cube,aopt,33,87,manopt,Manopt,1628.1149162682,1105.97410307046,32.0702677667584,2.75499904166667,50,0.00271251034012022,1,0.954147349772385
cube,aopt,33,87,tr_sqp,TR-SQP,1628.1149162682,1105.97409594423,32.0702682044562,2.84551145833333,39,0.00271253032355209,1,0.922861775336094
cube,aopt,33,87,pso,PSO,1628.1149162682,1144.36738606222,29.7121244558572,0.201243583333333,80,0.00261895273675515,1,0.295656073220497
cube,aopt,33,87,de,DE,1628.1149162682,1192.98481129387,26.7260069069138,0.257603583333333,80,0.00221857419596748,1,0.131774608257761
cube,aopt,34,88,gs_sqp,GS-SQP,1631.32810941912,1126.95810082745,30.917753803143,0.192457583333333,20,0.00266072158685414,1,1
cube,aopt,34,88,iso_sqp,Iso-SQP,1631.32810941912,1179.14075356075,27.7189704050025,0.735248875,100,0.00254293121266898,1,1
cube,aopt,34,88,manopt,Manopt,1631.32810941912,1126.95789186137,30.9177666127104,2.44500904166667,50,0.00266197219560212,1,0.992654655046544
cube,aopt,34,88,tr_sqp,TR-SQP,1631.32810941912,1126.95788539909,30.9177670088469,1.70099575,38,0.00266202365689232,1,0.358555701411446
cube,aopt,34,88,pso,PSO,1631.32810941912,1126.95800828642,30.9177594758848,0.485727,80,0.00266141667932014,1,0.641010248711073
cube,aopt,34,88,de,DE,1631.32810941912,1245.64920017196,23.6420194699206,0.318245041666667,80,0.00213249847739592,1,0.187761950568217
cube,aopt,35,89,gs_sqp,GS-SQP,2108.55538729175,1114.37165986102,47.1499934705375,0.556090875,15,0.0026897013514778,1,1
cube,aopt,35,89,iso_sqp,Iso-SQP,2108.55538729175,1169.96231891598,44.5135600436521,2.57748245833333,100,0.00256388182989684,1,1
cube,aopt,35,89,manopt,Manopt,2108.55538729175,1114.37108056169,47.1500209442922,2.36960283333333,50,0.0026920703340958,1,0.98655277166685
cube,aopt,35,89,tr_sqp,TR-SQP,2108.55538729175,1114.37107691884,47.1500211170573,5.300081625,37,0.00269206110471586,1,0.905655573807154
cube,aopt,35,89,pso,PSO,2108.55538729175,1139.2832792609,45.9685391179502,0.259560083333333,80,0.0025784193013743,1,0.87496448791289
cube,aopt,35,89,de,DE,2108.55538729175,1251.36462667898,40.6529876226659,0.266361041666667,80,0.00222293872888047,1,0.485662734724997
cube,aopt,36,90,gs_sqp,GS-SQP,1651.83280620571,1134.40586848574,31.3244134500821,0.0858094583333333,15,0.00264379154541719,1,1
cube,aopt,36,90,iso_sqp,Iso-SQP,1651.83280620571,1180.03967298541,28.5617970201243,0.872805958333333,100,0.00254197970874544,1,1
cube,aopt,36,90,manopt,Manopt,1651.83280620571,1134.40582619393,31.3244160103783,2.0127595,50,0.00264454621359846,1,0.985589003029626
cube,aopt,36,90,tr_sqp,TR-SQP,1651.83280620571,1134.40581333126,31.3244167890686,1.92536704166667,41,0.00264454602714908,1,0.887265063261666
cube,aopt,36,90,pso,PSO,1651.83280620571,1173.77545400537,28.9410254115512,0.17901825,80,0.00243497229897053,1,0.122938247756998
cube,aopt,36,90,de,DE,1651.83280620571,1259.44740837977,23.7545468495236,0.2005835,80,0.0021608729104318,1,0.317220688748151
cube,aopt,37,91,gs_sqp,GS-SQP,1717.48198792747,1130.96978931753,34.1495400087253,0.206203125,23,0.00264595276010906,1,1
cube,aopt,37,91,iso_sqp,Iso-SQP,1717.48198792747,1156.82020102789,32.6444056380555,0.753136333333333,100,0.00259215105299353,1,1
cube,aopt,37,91,manopt,Manopt,1717.48198792747,1130.96613100766,34.1497530129893,1.94783970833333,50,0.00265250178902833,1,0.980242145395055
cube,aopt,37,91,tr_sqp,TR-SQP,1717.48198792747,1130.96611463899,34.1497539660516,2.086049625,37,0.0026525892000933,1,0.467510162547146
cube,aopt,37,91,pso,PSO,1717.48198792747,1233.74711698596,28.1653533685813,0.142114791666667,80,0.00240773724664931,1,0.331140542918924
cube,aopt,37,91,de,DE,1717.48198792747,1181.63353002145,31.1996551738306,0.2042985,80,0.00223732425745674,1,0.267823964070156
cube,aopt,38,92,gs_sqp,GS-SQP,1723.21431455995,1129.34515210548,34.462873099225,0.569963875,38,0.00264713098646236,1,1
cube,aopt,38,92,iso_sqp,Iso-SQP,1723.21431455995,1164.12553728324,32.4445295372028,1.20433658333333,100,0.00257568386325387,1,1
cube,aopt,38,92,manopt,Manopt,1723.21431455995,1129.33779429433,34.4633000810043,2.46656516666667,50,0.00265641082120593,1,0.973197739405124
cube,aopt,38,92,tr_sqp,TR-SQP,1723.21431455995,1129.33779132486,34.4633002533259,2.36767325,34,0.00265641244460546,1,0.972777711794609
cube,aopt,38,92,pso,PSO,1723.21431455995,1170.0340409248,32.1016526476809,0.174223875,80,0.00248493344604959,1,0.20651171880902
cube,aopt,38,92,de,DE,1723.21431455995,1202.83424211231,30.1982213152939,0.248884125,80,0.0023308956742454,1,0.281015000051589
cube,aopt,39,93,gs_sqp,GS-SQP,2575.92156206572,1127.74377695077,56.2197935853917,0.167506791666667,12,0.00265813779273729,1,1
cube,aopt,39,93,iso_sqp,Iso-SQP,2575.92156206572,1170.15339128579,54.5734074935338,0.719071,100,0.00256296284674227,1,1
cube,aopt,39,93,manopt,Manopt,2575.92156206572,1127.74332420587,56.219811161428,2.59049233333333,50,0.00266016296836205,1,0.951392578302148
cube,aopt,39,93,tr_sqp,TR-SQP,2575.92156206572,1127.74331854629,56.2198113811386,2.75412470833333,37,0.00266016958681589,1,0.875526323052056
cube,aopt,39,93,pso,PSO,2575.92156206572,1152.2734668067,55.2675250762428,0.225336708333333,80,0.00257706998427367,1,0.641581269205646
cube,aopt,39,93,de,DE,2575.92156206572,1215.17708853214,52.8255399377284,0.500885375,80,0.00218015152805197,1,0.768539811728946
cube,aopt,40,94,gs_sqp,GS-SQP,2195.64204261127,1133.17208391493,48.3899441747231,0.490988666666667,12,0.00263924326160777,1,1
cube,aopt,40,94,iso_sqp,Iso-SQP,2195.64204261127,1152.36226171361,47.5159320440455,3.10825220833333,100,0.00260220018624213,1,1
cube,aopt,40,94,manopt,Manopt,2195.64204261127,1133.16651601012,48.3901977636368,2.73761545833333,50,0.0026474381383827,1,0.978996210424032
cube,aopt,40,94,tr_sqp,TR-SQP,2195.64204261127,1133.16650626161,48.3901982076305,5.09182358333333,36,0.00264743825219594,1,0.909744753472278
cube,aopt,40,94,pso,PSO,2195.64204261127,1200.45834669091,45.32540717506,0.229686208333333,80,0.00244592282926699,1,0.465352230850204
cube,aopt,40,94,de,DE,2195.64204261127,1216.98773676205,44.5725799951122,0.290234625,80,0.00223407837803572,1,0.484633957242019
cube,aopt,41,95,gs_sqp,GS-SQP,2620.37117996285,1108.16758968855,57.7095184772921,0.106226916666667,12,0.00270604765890371,1,1
cube,aopt,41,95,iso_sqp,Iso-SQP,2620.37117996285,1148.11441674117,56.1850463964634,0.88915725,100,0.00261209036795805,1,1
cube,aopt,41,95,manopt,Manopt,2620.37117996285,1108.16749507731,57.7095220878965,2.26334908333333,50,0.00270715464635869,1,0.382724690922914
cube,aopt,41,95,tr_sqp,TR-SQP,2620.37117996285,1108.16744754769,57.7095239017472,2.45912933333333,41,0.00270716177265083,1,0.59583099577467
cube,aopt,41,95,pso,PSO,2620.37117996285,1133.45531587982,56.7444748077299,0.162078041666667,80,0.00264512132513184,1,0.200344100467852
cube,aopt,41,95,de,DE,2620.37117996285,1188.77011099328,54.6335221481815,0.239562125,80,0.00219007183452665,1,0.484613787590916
cube,aopt,42,96,gs_sqp,GS-SQP,1971.63502513757,1132.4268508498,42.5640731468146,0.114790416666667,13,0.00264899519043573,1,1
cube,aopt,42,96,iso_sqp,Iso-SQP,1971.63502513757,1179.98645456237,40.1518820918675,0.753506291666667,100,0.0025415435684943,1,1
cube,aopt,42,96,manopt,Manopt,1971.63502513757,1132.42685091226,42.5640731436467,2.06307454166667,50,0.00264915869199008,1,0.990988336090374
cube,aopt,42,96,tr_sqp,TR-SQP,1971.63502513757,1132.42684820835,42.564073280787,2.028647875,36,0.00264916701054955,1,0.826715254487508
cube,aopt,42,96,pso,PSO,1971.63502513757,1188.52191608949,39.7189692343508,0.171890958333333,80,0.00252160598218987,1,0.346505250237877
cube,aopt,42,96,de,DE,1971.63502513757,1191.41971444769,39.5719948541409,0.19891525,80,0.00228246384818196,1,0.567989990008046
cube,aopt,43,97,gs_sqp,GS-SQP,1996.91808281434,1130.20040113766,43.4027659489756,0.137760666666667,10,0.00265370620133464,1,1
cube,aopt,43,97,iso_sqp,Iso-SQP,1996.91808281434,1169.86064984102,41.4166930577197,1.28156858333333,100,0.00256362997891087,1,1
cube,aopt,43,97,manopt,Manopt,1996.91808281434,1130.20031952834,43.4027700357388,2.3600655,50,0.00265438552178523,1,0.980957975153837
cube,aopt,43,97,tr_sqp,TR-SQP,1996.91808281434,1130.20028048886,43.4027719907258,2.89725683333333,38,0.00265438627390298,1,0.707917722250475
cube,aopt,43,97,pso,PSO,1996.91808281434,1206.52054109038,39.5808695672693,0.193076208333333,80,0.00248223757009419,1,0.642504030801012
cube,aopt,43,97,de,DE,1996.91808281434,1209.05004473873,39.4541991910473,0.246319083333333,80,0.00220378600622606,1,0.472099232207111
cube,aopt,44,98,gs_sqp,GS-SQP,2135.08721728595,1114.49487066541,47.8009674901191,0.100990416666667,11,0.0026911929048497,1,1
cube,aopt,44,98,iso_sqp,Iso-SQP,2135.08721728595,1140.42318109112,46.586576330086,0.61695125,100,0.00262941592111474,1,1
cube,aopt,44,98,manopt,Manopt,2135.08721728595,1114.49484014184,47.8009689197361,2.34903458333333,50,0.00269172979227146,1,0.996597758971841
cube,aopt,44,98,tr_sqp,TR-SQP,2135.08721728595,1114.49483534157,47.8009691445637,2.52755104166667,34,0.00269178099588554,1,0.702090835442139
cube,aopt,44,98,pso,PSO,2135.08721728595,1165.49875113033,45.4121245401924,0.179650791666667,80,0.00256575224734094,1,0.598467081095468
cube,aopt,44,98,de,DE,2135.08721728595,1218.28745302629,42.9396868117203,0.478712791666667,80,0.00218295381017259,1,0.206828934318947
cube,aopt,45,99,gs_sqp,GS-SQP,2199.63194566659,1126.87164538491,48.7699909248492,0.643527625,17,0.00266108343881127,1,1
cube,aopt,45,99,iso_sqp,Iso-SQP,2199.63194566659,1157.98105945342,47.3556900401128,2.89418175,100,0.00258935883943216,1,1
cube,aopt,45,99,manopt,Manopt,2199.63194566659,1126.87153166046,48.7699960950072,2.55777666666667,50,0.00266222254055672,1,0.83106591339537
cube,aopt,45,99,tr_sqp,TR-SQP,2199.63194566659,1126.87152787105,48.7699962672822,5.536986125,39,0.00266222771713381,1,0.441768151792288
cube,aopt,45,99,pso,PSO,2199.63194566659,1161.7675733789,47.1835469716805,0.183556958333333,80,0.00257975336078642,1,0.337086771459357
cube,aopt,45,99,de,DE,2199.63194566659,1207.80312476439,45.0906717760744,0.266254958333333,80,0.00209548002393893,1,0.278178483484237
cube,aopt,46,100,gs_sqp,GS-SQP,1592.85054956913,1122.17609328105,29.5491913171261,0.0935195416666667,14,0.00267149349056724,1,1
cube,aopt,46,100,iso_sqp,Iso-SQP,1592.85054956913,1168.78260652562,26.6232097642947,0.781554583333333,100,0.00256632810236065,1,1
cube,aopt,46,100,manopt,Manopt,1592.85054956913,1122.17571337113,29.5492151680716,1.790358125,50,0.0026733678552105,1,0.990639184231071
cube,aopt,46,100,tr_sqp,TR-SQP,1592.85054956913,1122.17570825951,29.549215488982,1.17481020833333,36,0.00267336806014189,1,0.936013198673419
cube,aopt,46,100,pso,PSO,1592.85054956913,1219.39764982808,23.4455705742176,0.213039208333333,80,0.00244579233531782,1,0.576682945251864
cube,aopt,46,100,de,DE,1592.85054956913,1225.165575437,23.0834571536911,0.212962541666667,80,0.00217562680136196,1,0.354763631773751
cube,aopt,47,101,gs_sqp,GS-SQP,1762.47020442217,1129.76574910508,35.8987320029347,0.32091975,33,0.00265064525650266,1,1
cube,aopt,47,101,iso_sqp,Iso-SQP,1762.47020442217,1163.16681706828,34.0036039105903,0.989342208333333,100,0.00257768505399812,1,1
cube,aopt,47,101,manopt,Manopt,1762.47020442217,1129.76335371324,35.8988679139891,2.36772270833333,50,0.00265539111491509,1,0.986799141581989
cube,aopt,47,101,tr_sqp,TR-SQP,1762.47020442217,1129.76334871145,35.8988681977834,2.04891491666667,37,0.00265541303724286,1,0.917501464391025
cube,aopt,47,101,pso,PSO,1762.47020442217,1144.44016372521,35.066127027071,0.1596075,80,0.00246185299780695,1,0.203084328374536
cube,aopt,47,101,de,DE,1762.47020442217,1232.71461542332,30.0575628268578,0.220705791666667,80,0.00216043035774509,1,0.809384514904384
cube,aopt,48,102,gs_sqp,GS-SQP,2219.96394559407,1112.24583996646,49.8980223451861,0.124181291666667,11,0.00269676318924418,1,1
cube,aopt,48,102,iso_sqp,Iso-SQP,2219.96394559407,1156.13452312033,47.9210225276455,1.349289375,100,0.00259427553050845,1,1
cube,aopt,48,102,manopt,Manopt,2219.96394559407,1112.24580443112,49.8980239459031,3.08409179166667,50,0.00269716725286077,1,0.95197586983806
cube,aopt,48,102,tr_sqp,TR-SQP,2219.96394559407,1112.24579436257,49.8980243994489,1.42784016666667,36,0.0026972354477996,1,0.871043966583704
cube,aopt,48,102,pso,PSO,2219.96394559407,1151.64720200649,48.1231573921665,0.189722791666667,80,0.00260035162284906,1,0.241099555533487
cube,aopt,48,102,de,DE,2219.96394559407,1196.63207703765,46.096778760187,0.209311625,80,0.00228210634627278,1,0.166106288988098
cube,aopt,49,103,gs_sqp,GS-SQP,1636.37341919738,1105.45685350601,32.4447072693085,0.094687875,11,0.00271292582016333,1,1
cube,aopt,49,103,iso_sqp,Iso-SQP,1636.37341919738,1153.86973404699,29.486160034734,0.87547425,100,0.00259943640873147,1,1
cube,aopt,49,103,manopt,Manopt,1636.37341919738,1105.45680154689,32.4447104445694,2.02613366666667,50,0.00271379761105746,1,0.902331552245527
cube,aopt,49,103,tr_sqp,TR-SQP,1636.37341919738,1105.45678659875,32.4447113580614,2.16061454166667,38,0.00271380002520608,1,0.784776354801269
cube,aopt,49,103,pso,PSO,1636.37341919738,1131.1610424682,30.8739051125004,0.303418458333333,80,0.00264901732155249,1,0.50264718902519
cube,aopt,49,103,de,DE,1636.37341919738,1206.29454208294,26.2824409189794,0.269907625,80,0.00225280673404032,1,0.267512126862139
cube,aopt,50,104,gs_sqp,GS-SQP,1964.11306509824,1108.569411006,43.5587782238718,0.382224416666667,10,0.00270515664579729,1,1
cube,aopt,50,104,iso_sqp,Iso-SQP,1964.11306509824,1128.25925843365,42.5562978790524,2.74728166666667,100,0.00265826555018258,1,1
cube,aopt,50,104,manopt,Manopt,1964.11306509824,1108.56933545445,43.5587820704711,2.782622375,50,0.00270596755827543,1,0.570589533207202
cube,aopt,50,104,tr_sqp,TR-SQP,1964.11306509824,1108.56932561158,43.5587825716062,4.11391941666667,35,0.0027061802340732,1,0.831576236156887
cube,aopt,50,104,pso,PSO,1964.11306509824,1169.5928120765,40.4518592712484,0.32965175,80,0.00255042930981219,1,0.101240917247292
cube,aopt,50,104,de,DE,1964.11306509824,1193.7253615597,39.2231851224922,0.302447291666667,80,0.00230181559176521,1,0.145465170834952
cube,aopt,51,105,gs_sqp,GS-SQP,2232.87219960888,1118.27344250982,49.9177139333949,0.0401360416666667,10,0.00268213259746582,1,1
cube,aopt,51,105,iso_sqp,Iso-SQP,2232.87219960888,1130.54436795157,49.3681560391321,0.690761416666667,100,0.00265125858373497,1,1
cube,aopt,51,105,manopt,Manopt,2232.87219960888,1118.27341005876,49.9177153867274,2.18223833333333,50,0.00268269307980941,1,0.965740242256267
cube,aopt,51,105,tr_sqp,TR-SQP,2232.87219960888,1118.27340232298,49.9177157331771,0.973857875,35,0.00268269699402533,1,0.917541175214249
cube,aopt,51,105,pso,PSO,2232.87219960888,1247.97312320641,44.1090661872628,0.136093041666667,80,0.0023905400695437,1,0.30016496845018
cube,aopt,51,105,de,DE,2232.87219960888,1210.1335343554,45.8037260454326,0.195823708333333,80,0.00218604855097473,1,0.234010263993815
cube,aopt,52,106,gs_sqp,GS-SQP,1844.9672269949,1132.35098822831,38.6248724822773,0.243353625,19,0.00264641901538228,1,1
cube,aopt,52,106,iso_sqp,Iso-SQP,1844.9672269949,1174.90112325755,36.3185911344757,0.784204583333333,100,0.00255103945463586,1,1
cube,aopt,52,106,manopt,Manopt,1844.9672269949,1132.34952842138,38.6249516060098,2.253804125,50,0.00264926766869637,1,0.970235976577592
cube,aopt,52,106,tr_sqp,TR-SQP,1844.9672269949,1132.34928333042,38.6249648903085,1.36972870833333,40,0.0026493489541823,1,0.883411784959175
cube,aopt,52,106,pso,PSO,1844.9672269949,1196.55666136797,35.144828381752,0.168474958333333,80,0.00248773292115444,1,0.238593914251711
cube,aopt,52,106,de,DE,1844.9672269949,1262.44027104728,31.5738375958281,0.232514375,80,0.00206445920973383,1,0.483804318442616
cube,aopt,53,107,gs_sqp,GS-SQP,1798.69936661871,1110.13926261237,38.2809999705914,0.1925705,9,0.00270199005510772,1,1
cube,aopt,53,107,iso_sqp,Iso-SQP,1798.69936661871,1157.82520525383,35.6298652936998,0.891468333333333,100,0.00258971308376858,1,1
cube,aopt,53,107,manopt,Manopt,1798.69936661871,1110.1392571632,38.2810002735425,2.68039641666667,50,0.00270235313706078,1,0.958906547124199
cube,aopt,53,107,tr_sqp,TR-SQP,1798.69936661871,1110.1392468319,38.2810008479186,3.042052,38,0.00270234653678711,1,0.692007457927728
cube,aopt,53,107,pso,PSO,1798.69936661871,1110.6026350988,38.2552384400641,0.215787708333333,80,0.00263763170508019,1,0.61282375134006
cube,aopt,53,107,de,DE,1798.69936661871,1184.8642581834,34.1266094727786,0.242220875,80,0.00222740202332339,1,0.173902619803789
cube,aopt,54,108,gs_sqp,GS-SQP,2652.01628449327,1109.17022221716,58.1763419514938,0.221641541666667,13,0.00270381855718725,1,1
cube,aopt,54,108,iso_sqp,Iso-SQP,2652.01628449327,1160.04675551022,56.25793241568,1.17224245833333,100,0.00258483651788634,1,1
cube,aopt,54,108,manopt,Manopt,2652.01628449327,1109.17017698296,58.1763436571471,1.96051916666667,50,0.00270471439702288,1,0.977374275229166
cube,aopt,54,108,tr_sqp,TR-SQP,2652.01628449327,1109.17013551838,58.1763452206585,1.20581704166667,37,0.00270471450689271,1,0.55145146145267
cube,aopt,54,108,pso,PSO,2652.01628449327,1168.44206932662,55.9413689818318,0.204611458333333,80,0.0025655187567219,1,0.240481254542645
cube,aopt,54,108,de,DE,2652.01628449327,1278.76268873905,51.7814918326042,0.312818166666667,80,0.00212082654642585,1,0.134876453112429
cube,aopt,55,109,gs_sqp,GS-SQP,4956.85476688009,1126.08722200177,77.282222801324,0.980722833333333,36,0.00265015273433247,1,1
cube,aopt,55,109,iso_sqp,Iso-SQP,4956.85476688009,1173.11133408873,76.333554456204,2.828143625,100,0.00255453858769679,1,1
cube,aopt,55,109,manopt,Manopt,4956.85476688009,1126.07124934415,77.2825450350461,3.12014845833333,50,0.00266411977278265,1,0.986780133663244
cube,aopt,55,109,tr_sqp,TR-SQP,4956.85476688009,1126.07123665232,77.2825452910923,3.24456104166667,36,0.0026641196621403,1,0.81770728821605
cube,aopt,55,109,pso,PSO,4956.85476688009,1163.75721160774,76.5222653004978,0.531975,80,0.00249402568142616,1,0.0101601836196938
cube,aopt,55,109,de,DE,4956.85476688009,1240.98388776362,74.9642879179065,0.630215333333333,80,0.00223509313089336,1,0.554375758348736
cube,aopt,56,110,gs_sqp,GS-SQP,1458.75630628074,1132.02398372785,22.3980058318257,0.173968458333333,18,0.00264448100063007,1,1
cube,aopt,56,110,iso_sqp,Iso-SQP,1458.75630628074,1158.46919419802,20.5851457703949,0.62708375,100,0.0025887708793607,1,1
cube,aopt,56,110,manopt,Manopt,1458.75630628074,1132.01991299895,22.3982848865856,1.88887995833333,50,0.00265005903177383,1,0.984917593551757
cube,aopt,56,110,tr_sqp,TR-SQP,1458.75630628074,1132.01990537566,22.3982854091734,2.10930633333333,37,0.00265011956158458,1,0.702599129552755
cube,aopt,56,110,pso,PSO,1458.75630628074,1159.10689131219,20.5414306473532,0.246105416666667,80,0.00257440720054084,1,0.433527875181338
cube,aopt,56,110,de,DE,1458.75630628074,1209.88479675609,17.0605267276736,0.199909708333333,80,0.00232540832208695,1,0.678195251493697
cube,aopt,57,111,gs_sqp,GS-SQP,1597.18667358861,1130.87207176342,29.195998785631,0.112172791666667,12,0.00265264467237591,1,1
cube,aopt,57,111,iso_sqp,Iso-SQP,1597.18667358861,1166.56046415358,26.9615453569668,0.6951125,100,0.00257039480268046,1,1
cube,aopt,57,111,manopt,Manopt,1597.18667358861,1130.87208008267,29.1959982647617,2.38129316666667,50,0.00265273457410116,1,0.971984377667572
cube,aopt,57,111,tr_sqp,TR-SQP,1597.18667358861,1130.87206949687,29.19599892754,2.31058291666667,38,0.00265280963278948,1,0.869331768774809
cube,aopt,57,111,pso,PSO,1597.18667358861,1158.43359315291,27.4703694747147,0.168062875,80,0.00258384479806308,1,0.280559118948015
cube,aopt,57,111,de,DE,1597.18667358861,1225.92430677921,23.2447698787287,0.225667541666667,80,0.00220353034281249,1,0.192630146525553
cube,aopt,58,112,gs_sqp,GS-SQP,1864.04578683918,1115.90360977942,40.1353970134159,0.0926296666666667,11,0.00268825431652017,1,1
cube,aopt,58,112,iso_sqp,Iso-SQP,1864.04578683918,1163.26021081122,37.5948692342085,0.858917791666667,100,0.00257800143401478,1,1
cube,aopt,58,112,manopt,Manopt,1864.04578683918,1115.9036144167,40.1353967646408,3.50057420833333,50,0.00268839387040004,1,0.967253423718374
cube,aopt,58,112,tr_sqp,TR-SQP,1864.04578683918,1115.90360806542,40.1353971053663,1.38539266666667,17,0.00268839407519988,1,0.439392083802908
cube,aopt,58,112,pso,PSO,1864.04578683918,1217.01229993979,34.7112442981644,0.222777083333333,80,0.00244256725703341,1,0.199276011886425
cube,aopt,58,112,de,DE,1864.04578683918,1222.32139972113,34.4264283446709,0.290809666666667,80,0.00220504591198286,1,0.398277410272142
cube,aopt,59,113,gs_sqp,GS-SQP,1878.87668502961,1134.29205220843,39.6292443646692,0.10868475,13,0.00264204864410837,1,1
cube,aopt,59,113,iso_sqp,Iso-SQP,1878.87668502961,1171.7002037509,37.6382594405109,0.735420875,100,0.00254499111818364,1,1
cube,aopt,59,113,manopt,Manopt,1878.87668502961,1134.29132865277,39.6292828746823,2.159351875,46,0.00264481318027718,1,0.98874397092895
cube,aopt,59,113,tr_sqp,TR-SQP,1878.87668502961,1134.2913270473,39.6292829601307,1.037119125,12,0.00264481306226868,1,0.691241185787591
cube,aopt,59,113,pso,PSO,1878.87668502961,1232.76868535897,34.3879938911722,0.198960708333333,80,0.00243218634688143,1,0.176593723682853
cube,aopt,59,113,de,DE,1878.87668502961,1205.08494679696,35.8614135563685,0.183267708333333,80,0.00233729082621753,1,0.36242876773471
cube,aopt,60,114,gs_sqp,GS-SQP,1595.10755333416,1130.81789431436,29.1071067934773,0.552245625,13,0.00265163035437239,1,1
cube,aopt,60,114,iso_sqp,Iso-SQP,1595.10755333416,1156.01797677338,27.5272708503557,2.75586554166667,100,0.00259463456946189,1,1
cube,aopt,60,114,manopt,Manopt,1595.10755333416,1130.81772000371,29.1071177213078,2.66282641666667,50,0.00265280994566921,1,0.99006141636012
cube,aopt,60,114,tr_sqp,TR-SQP,1595.10755333416,1130.81771144587,29.1071182578136,5.21739170833333,36,0.00265293742526089,1,0.959288893511786
cube,aopt,60,114,pso,PSO,1595.10755333416,1175.42541707084,26.3105854765772,0.219424791666667,80,0.00244673580861139,1,0.601994580240938
cube,aopt,60,114,de,DE,1595.10755333416,1210.54960997628,24.1085902047208,0.294751625,80,0.00220344301586109,1,0.442834069541762
cube,aopt,61,115,gs_sqp,GS-SQP,1787.60514508823,1106.231769465,38.1165481367865,0.0386773333333333,10,0.00271184480298547,1,1
cube,aopt,61,115,iso_sqp,Iso-SQP,1787.60514508823,1133.53182012559,36.5893624081257,0.660823666666667,100,0.00264520984331051,1,1
cube,aopt,61,115,manopt,Manopt,1787.60514508823,1106.23177598618,38.1165477719865,2.15480775,50,0.00271189907759015,1,0.952022436068847
cube,aopt,61,115,tr_sqp,TR-SQP,1787.60514508823,1106.23176901108,38.1165481621791,1.37870504166667,40,0.00271189898468258,1,0.974079340954474
cube,aopt,61,115,pso,PSO,1787.60514508823,1132.25643691411,36.6607083211194,0.162205666666667,80,0.00246105505108408,1,0.147641776625563
cube,aopt,61,115,de,DE,1787.60514508823,1161.57996785838,35.0203275566736,0.23885525,80,0.00240014799821586,1,0.907389385670615
cube,aopt,62,116,gs_sqp,GS-SQP,2178.05023144872,1112.15957676472,48.9378362029339,0.127311333333333,11,0.00269591227979204,1,1
cube,aopt,62,116,iso_sqp,Iso-SQP,2178.05023144872,1168.79049717677,46.3377620818525,0.664044666666667,100,0.00256603238890411,1,1
cube,aopt,62,116,manopt,Manopt,2178.05023144872,1112.15948220064,48.937840544619,2.23869445833333,50,0.00269743870693694,1,0.956614091593818
cube,aopt,62,116,tr_sqp,TR-SQP,2178.05023144872,1112.15939556208,48.9378445224227,1.67314691666667,40,0.00269744438018485,1,0.83539059355727
cube,aopt,62,116,pso,PSO,2178.05023144872,1235.63836525305,43.2686010904731,0.236178041666667,80,0.00240959288471867,1,0.700232433263196
cube,aopt,62,116,de,DE,2178.05023144872,1187.64347543328,45.4721723913903,0.242723458333333,80,0.00226679725326804,1,0.237600395544882
cube,aopt,63,117,gs_sqp,GS-SQP,2270.07434599057,1107.05301916885,51.2327417327039,0.0969829583333333,14,0.00270952522709279,1,1
cube,aopt,63,117,iso_sqp,Iso-SQP,2270.07434599057,1144.26301493239,49.5935885556613,0.669894875,100,0.00262101776437504,1,1
cube,aopt,63,117,manopt,Manopt,2270.07434599057,1107.05302586991,51.232741437513,2.10356675,50,0.00270988728387985,1,0.990320739007939
cube,aopt,63,117,tr_sqp,TR-SQP,2270.07434599057,1107.05299382483,51.2327428491441,2.27310033333333,39,0.00270988719702523,1,0.444391121018526
cube,aopt,63,117,pso,PSO,2270.07434599057,1144.96018846391,49.5628770711345,0.154266458333333,80,0.00260573864314522,1,0.627100514622798
cube,aopt,63,117,de,DE,2270.07434599057,1199.81107261801,47.1466176983532,0.246133625,80,0.00212719529707279,1,0.759980428268624
cube,aopt,64,118,gs_sqp,GS-SQP,1651.8980090906,1120.67730267056,32.1582024735583,0.106202,12,0.00267625286944556,1,1
cube,aopt,64,118,iso_sqp,Iso-SQP,1651.8980090906,1166.0682441512,29.4103971471495,0.641429333333333,100,0.00256684643329174,1,1
cube,aopt,64,118,manopt,Manopt,1651.8980090906,1120.67725802626,32.158205176165,1.96934558333333,50,0.0026769426878853,1,0.877713056279499
cube,aopt,64,118,tr_sqp,TR-SQP,1651.8980090906,1120.6772538886,32.1582054266438,2.00100408333333,37,0.00267693362166009,1,0.994696921736453
cube,aopt,64,118,pso,PSO,1651.8980090906,1189.8400712061,27.9713357205912,0.192285166666667,80,0.00237881767237583,1,0.327531956779847
cube,aopt,64,118,de,DE,1651.8980090906,1223.01630864969,25.962964909499,0.210687958333333,80,0.00213039223652512,1,0.215447282183002
cube,aopt,65,119,gs_sqp,GS-SQP,1606.33617742371,1132.0536352666,29.525733705243,0.0711539166666667,10,0.00264871845170459,1,1
cube,aopt,65,119,iso_sqp,Iso-SQP,1606.33617742371,1158.21714258325,27.8969646042068,0.802831208333333,100,0.00258846522725767,1,1
cube,aopt,65,119,manopt,Manopt,1606.33617742371,1132.05342456022,29.5257468224462,1.86409725,50,0.0026498825178257,1,0.950361097615034
cube,aopt,65,119,tr_sqp,TR-SQP,1606.33617742371,1132.05341230633,29.5257475852937,1.28383958333333,38,0.00265004130613731,1,0.388281470975082
cube,aopt,65,119,pso,PSO,1606.33617742371,1234.47648394587,23.1495560334225,0.172347291666667,80,0.00235324745283069,1,0.51567885625052
cube,aopt,65,119,de,DE,1606.33617742371,1233.19450525379,23.2293636546472,0.188651708333333,80,0.00206645902516319,1,0.359404575357402
cube,aopt,66,120,gs_sqp,GS-SQP,1909.32340777836,1117.0745404704,41.4936968813368,0.400088708333333,46,0.0026848342779783,1,1
cube,aopt,66,120,iso_sqp,Iso-SQP,1909.32340777836,1144.88782419576,40.0369879962915,0.695673416666667,100,0.00261979943191707,1,1
cube,aopt,66,120,manopt,Manopt,1909.32340777836,1117.07502034432,41.4936717481447,1.65890975,50,0.0026850882932577,1,0.958841156131171
cube,aopt,66,120,tr_sqp,TR-SQP,1909.32340777836,1117.07447038747,41.4937005519004,1.834198375,35,0.00268557596594023,1,0.764414034992394
cube,aopt,66,120,pso,PSO,1909.32340777836,1190.8002919649,37.632342058254,0.154812541666667,80,0.00249486075466763,1,0.176310067477057
cube,aopt,66,120,de,DE,1909.32340777836,1188.7664439683,37.7388639805389,0.213802,80,0.00220368430089262,1,0.669334753975687
cube,aopt,67,121,gs_sqp,GS-SQP,2495.61845506598,1124.76690180832,54.9303340210079,0.0649704583333333,15,0.00266549228305356,1,1
cube,aopt,67,121,iso_sqp,Iso-SQP,2495.61845506598,1152.40239548927,53.8229734938064,0.558307875,100,0.00260254227117243,1,1
cube,aopt,67,121,manopt,Manopt,2495.61845506598,1124.76619435053,54.9303623690028,1.93717,50,0.00266721096218255,1,0.978020253335456
cube,aopt,67,121,tr_sqp,TR-SQP,2495.61845506598,1124.76614761716,54.9303642416194,1.62063975,37,0.00266721099922461,1,0.943581631676793
cube,aopt,67,121,pso,PSO,2495.61845506598,1186.66157258355,52.4502004633487,0.166003791666667,80,0.00252579859330647,1,0.276499936524092
cube,aopt,67,121,de,DE,2495.61845506598,1227.52413595966,50.8128282403165,0.244898541666667,80,0.00203720589976697,1,0.453019152086081
cube,aopt,68,122,gs_sqp,GS-SQP,1544.61376560737,1125.85016374581,27.1112177805105,0.110223041666667,13,0.00266404958182349,1,1
cube,aopt,68,122,iso_sqp,Iso-SQP,1544.61376560737,1155.29521294211,25.2049127965768,0.835306541666667,100,0.00259595666397738,1,1
cube,aopt,68,122,manopt,Manopt,1544.61376560737,1125.85013531438,27.111219621193,2.07914291666667,50,0.00266464262588704,1,0.911487642640806
cube,aopt,68,122,tr_sqp,TR-SQP,1544.61376560737,1125.85013151093,27.1112198674325,2.07915770833333,37,0.00266464277939347,1,0.967144885937932
cube,aopt,68,122,pso,PSO,1544.61376560737,1206.58635090473,21.8842679140386,0.182245208333333,80,0.00248171797135394,1,0.226150613519205
cube,aopt,68,122,de,DE,1544.61376560737,1230.51021052185,20.335410837285,0.22957625,80,0.00216656638089984,1,0.393851857695654
cube,aopt,69,123,gs_sqp,GS-SQP,2211.58068774934,1121.16810979198,49.3046708174615,0.124368375,13,0.00267319835591619,1,1
cube,aopt,69,123,iso_sqp,Iso-SQP,2211.58068774934,1169.01671310583,47.1411231079474,0.617104541666667,100,0.00256515851226198,1,1
cube,aopt,69,123,manopt,Manopt,2211.58068774934,1121.1672126877,49.3047113814019,1.900486375,50,0.00267575245085578,1,0.881613485239021
cube,aopt,69,123,tr_sqp,TR-SQP,2211.58068774934,1121.16713319575,49.3047149757523,1.92019341666667,34,0.00267577227765654,1,0.831358366328443
cube,aopt,69,123,pso,PSO,2211.58068774934,1175.3541521667,46.8545661174667,0.245156166666667,80,0.0025496470526104,1,0.54442907451119
cube,aopt,69,123,de,DE,2211.58068774934,1172.04667868425,47.0041185846576,0.213246166666667,80,0.00230648370447061,1,0.188388919079503
cube,aopt,70,124,gs_sqp,GS-SQP,1780.31954663721,1112.88107468998,37.4898131747155,0.229381041666667,17,0.00269407610422746,1,1
cube,aopt,70,124,iso_sqp,Iso-SQP,1780.31954663721,1146.1959190201,35.618528640821,0.898179875,100,0.00261646422939056,1,1
cube,aopt,70,124,manopt,Manopt,1780.31954663721,1112.88062166371,37.4898386210611,1.94728241666667,50,0.00269569691815804,1,0.959469349940247
cube,aopt,70,124,tr_sqp,TR-SQP,1780.31954663721,1112.88061427914,37.48983903585,1.92895216666667,36,0.00269569684611293,1,0.957098437954439
cube,aopt,70,124,pso,PSO,1780.31954663721,1112.88492215295,37.4895970639066,0.195646583333333,80,0.00268932197622189,1,0.177747514621206
cube,aopt,70,124,de,DE,1780.31954663721,1204.40832417322,32.3487557922851,0.208108708333333,80,0.00216525019541065,1,0.590510275037033
cube,aopt,71,125,gs_sqp,GS-SQP,2020.40891976295,1108.45255729854,45.1372172011304,0.118455916666667,15,0.00270634025452018,1,1
cube,aopt,71,125,iso_sqp,Iso-SQP,2020.40891976295,1163.85711988195,42.3949722010482,0.553578666666667,100,0.00257678651644086,1,1
cube,aopt,71,125,manopt,Manopt,2020.40891976295,1108.45259478549,45.1372153457161,1.622042875,50,0.00270641192689422,1,0.981856496525817
cube,aopt,71,125,tr_sqp,TR-SQP,2020.40891976295,1108.45255605027,45.1372172629134,1.25952541666667,40,0.00270646576239736,1,0.773324338963591
cube,aopt,71,125,pso,PSO,2020.40891976295,1108.47769110494,45.1359732051176,0.23169275,80,0.00268948846868014,1,0.299189555817447
cube,aopt,71,125,de,DE,2020.40891976295,1213.36477890905,39.9445940353795,0.25812575,80,0.00224161233029463,1,0.23079536644835
cube,aopt,72,126,gs_sqp,GS-SQP,1578.9078422488,1119.29447660378,29.1095751979044,0.214265791666667,20,0.0026785967569456,1,1
cube,aopt,72,126,iso_sqp,Iso-SQP,1578.9078422488,1167.04689583495,26.0851796028353,0.839238458333333,100,0.00256893207294008,1,1
cube,aopt,72,126,manopt,Manopt,1578.9078422488,1119.29408849821,29.1095997785388,1.77676829166667,50,0.00268025031560169,1,0.978269579058408
cube,aopt,72,126,tr_sqp,TR-SQP,1578.9078422488,1119.29406703867,29.1096011376769,1.415107875,37,0.00268025060274822,1,0.936738300831616
cube,aopt,72,126,pso,PSO,1578.9078422488,1131.2286594673,28.3537246951593,0.149022,80,0.00262321296455013,1,0.086373747775021
cube,aopt,72,126,de,DE,1578.9078422488,1179.94795692764,25.2680919459451,0.19881525,80,0.00224047470576756,1,0.828529467287653
cube,aopt,73,127,gs_sqp,GS-SQP,1841.51681172014,1116.74119127112,39.3575348232646,0.0772214583333333,12,0.00268461918214784,1,1
cube,aopt,73,127,iso_sqp,Iso-SQP,1841.51681172014,1173.75320035297,36.2616082089102,0.725914875,100,0.00255468579425848,1,1
cube,aopt,73,127,manopt,Manopt,1841.51681172014,1116.74058730333,39.3575676205639,2.27009508333333,50,0.0026863793264418,1,0.974615651806003
cube,aopt,73,127,tr_sqp,TR-SQP,1841.51681172014,1116.74058179079,39.3575679199121,2.287779625,41,0.00268637927676547,1,0.599579747716198
cube,aopt,73,127,pso,PSO,1841.51681172014,1186.08660786893,35.5918664266217,0.152522166666667,80,0.00252311379612243,1,0.168366476234184
cube,aopt,73,127,de,DE,1841.51681172014,1193.33074027421,35.1984878617789,0.205975041666667,80,0.00230484246721778,1,0.763233104777284
cube,aopt,74,128,gs_sqp,GS-SQP,1987.38606970367,1114.90649038924,43.9008601607297,0.0845451666666667,10,0.00268956735644901,1,1
cube,aopt,74,128,iso_sqp,Iso-SQP,1987.38606970367,1144.29072480873,42.422323359681,0.700708208333333,100,0.00262025188182026,1,1
cube,aopt,74,128,manopt,Manopt,1987.38606970367,1114.90637521281,43.9008659561026,2.14385416666667,50,0.0026907986991358,1,0.993956445664117
cube,aopt,74,128,tr_sqp,TR-SQP,1987.38606970367,1114.90636644697,43.9008663971763,1.70279416666667,36,0.00269079854237818,1,0.868072557570164
cube,aopt,74,128,pso,PSO,1987.38606970367,1198.78692288084,39.6802191000772,0.250184125,80,0.00250060523891442,1,0.183757156107923
cube,aopt,74,128,de,DE,1987.38606970367,1184.93858926166,40.3770305465438,0.226658208333333,80,0.00231235538564791,1,0.0571988214963896
cube,aopt,75,129,gs_sqp,GS-SQP,1518.8602456096,1113.30201772622,26.7014841593017,0.140277958333333,21,0.00269120937088518,1,1
cube,aopt,75,129,iso_sqp,Iso-SQP,1518.8602456096,1135.46727972752,25.2421489725807,0.698604291666667,100,0.00263996505160147,1,1
cube,aopt,75,129,manopt,Manopt,1518.8602456096,1113.30047888014,26.7015854751459,1.77356391666667,50,0.00269467656737956,1,0.987585037420898
cube,aopt,75,129,tr_sqp,TR-SQP,1518.8602456096,1113.30047063887,26.7015860177413,1.85393529166667,35,0.00269468002281443,1,0.749345465050072
cube,aopt,75,129,pso,PSO,1518.8602456096,1164.6054414716,23.3237261401767,0.174063291666667,80,0.00226014603678199,1,0.62104650135425
cube,aopt,75,129,de,DE,1518.8602456096,1199.87419195256,21.0016724434719,0.252501958333333,80,0.00228700328662262,1,0.253852836465151
cube,aopt,76,130,gs_sqp,GS-SQP,1986.58867084312,1132.80544427181,42.9773530425381,0.167770166666667,15,0.00264709684007491,1,1
cube,aopt,76,130,iso_sqp,Iso-SQP,1986.58867084312,1173.7988305785,40.9138465447739,0.754346375,100,0.00255333206527437,1,1
cube,aopt,76,130,manopt,Manopt,1986.58867084312,1132.80528693843,42.9773609623146,1.75831791666667,50,0.00264828234620114,1,0.968974515127399
cube,aopt,76,130,tr_sqp,TR-SQP,1986.58867084312,1132.80528415262,42.977361102545,1.925315,38,0.0026482825930525,1,0.894929596866652
cube,aopt,76,130,pso,PSO,1986.58867084312,1160.2089140544,41.5979296025078,0.154345875,80,0.00251917197410706,1,0.551084637446114
cube,aopt,76,130,de,DE,1986.58867084312,1210.79453295884,39.0515736483602,0.20362075,80,0.00215012208048838,1,0.652471653383585
cube,aopt,77,131,gs_sqp,GS-SQP,2067.2925434676,1104.09567905133,46.5921897440138,0.290830166666667,31,0.00271352593259081,1,1
cube,aopt,77,131,iso_sqp,Iso-SQP,2067.2925434676,1125.51973102726,45.5558559148404,0.74258675,100,0.00265934065762408,1,1
cube,aopt,77,131,manopt,Manopt,2067.2925434676,1104.0941988322,46.5922613458357,2.34801366666667,50,0.00271711044869742,1,0.986866440422743
cube,aopt,77,131,tr_sqp,TR-SQP,2067.2925434676,1104.09419523646,46.5922615197702,2.043517375,36,0.00271714934764989,1,0.954499076610403
cube,aopt,77,131,pso,PSO,2067.2925434676,1166.47807003066,43.5746008122268,0.237733583333333,80,0.00225840988934475,1,0.187187493337037
cube,aopt,77,131,de,DE,2067.2925434676,1200.97296403874,41.905998363237,0.222044,80,0.00222147568561183,1,0.155194468510507
cube,aopt,78,132,gs_sqp,GS-SQP,2646.52215052748,1127.04142240121,57.414245628869,0.054025375,10,0.00266053032633298,1,1
cube,aopt,78,132,iso_sqp,Iso-SQP,2646.52215052748,1195.18876436575,54.8392684290386,0.621571666666667,100,0.00250921300952092,1,1
cube,aopt,78,132,manopt,Manopt,2646.52215052748,1127.04115172211,57.4142558565975,1.95780908333333,50,0.00266182714284926,1,0.978658027269119
cube,aopt,78,132,tr_sqp,TR-SQP,2646.52215052748,1127.04114803889,57.4142559957696,1.86170516666667,34,0.0026618269194979,1,0.911752899382941
cube,aopt,78,132,pso,PSO,2646.52215052748,1170.03941275992,55.7895477078581,0.152174916666667,80,0.00255627970092124,1,0.239099196818933
cube,aopt,78,132,de,DE,2646.52215052748,1236.95321356336,53.2611804017275,0.27223,80,0.00230632889830822,1,0.540555486114559
cube,aopt,79,133,gs_sqp,GS-SQP,1620.46441904266,1110.06273511148,31.4972472047679,0.0924355416666667,11,0.00270177091609014,1,1
cube,aopt,79,133,iso_sqp,Iso-SQP,1620.46441904266,1133.11594118083,30.0746176302803,0.6594185,100,0.00264665505718088,1,1
cube,aopt,79,133,manopt,Manopt,1620.46441904266,1110.06266838158,31.4972513227171,2.27052654166667,50,0.00270230039222331,1,0.984789366826216
cube,aopt,79,133,tr_sqp,TR-SQP,1620.46441904266,1110.06265787078,31.4972519713463,1.30385916666667,36,0.00270253998908946,1,0.947685811448692
cube,aopt,79,133,pso,PSO,1620.46441904266,1122.08871521475,30.7551155070923,0.161796791666667,80,0.00265051007705824,1,0.292783056383282
cube,aopt,79,133,de,DE,1620.46441904266,1247.09624422586,23.0408128946991,0.222873125,80,0.00209957651003885,1,0.179052688273809
cube,aopt,80,134,gs_sqp,GS-SQP,1771.58609020387,1109.9886404067,37.3449223526608,0.127867875,16,0.00270061797336588,1,1
cube,aopt,80,134,iso_sqp,Iso-SQP,1771.58609020387,1164.99129474059,34.2402098784529,0.732444083333333,100,0.00257455324548277,1,1
cube,aopt,80,134,manopt,Manopt,1771.58609020387,1109.98811286828,37.3449521304076,1.92776866666667,50,0.00270272164453272,1,0.987425683110478
cube,aopt,80,134,tr_sqp,TR-SQP,1771.58609020387,1109.98810453703,37.344952600678,2.060171,38,0.00270272117105837,1,0.891298845066624
cube,aopt,80,134,pso,PSO,1771.58609020387,1150.71685380451,35.0459534443464,0.193549083333333,80,0.0025972633596801,1,0.424097878176702
cube,aopt,80,134,de,DE,1771.58609020387,1194.08018473905,32.5982411274385,0.2419405,80,0.0021107504488571,1,0.728854053520869
cube,aopt,81,135,gs_sqp,GS-SQP,2345.93984623359,1109.54264938523,52.703704182074,0.07017075,11,0.00270298155440482,1,1
cube,aopt,81,135,iso_sqp,Iso-SQP,2345.93984623359,1149.57097259126,50.9974232955334,0.760654875,100,0.00260897635858809,1,1
cube,aopt,81,135,manopt,Manopt,2345.93984623359,1109.54256155503,52.7037079259982,2.0331915,50,0.00270380696284096,1,0.912134261058985
cube,aopt,81,135,tr_sqp,TR-SQP,2345.93984623359,1109.542557536,52.7037080973167,2.12958954166667,41,0.00270380678395042,1,0.335325727248296
cube,aopt,81,135,pso,PSO,2345.93984623359,1159.35131101218,50.5805183848376,0.159847375,80,0.00242372514255653,1,0.451930605771869
cube,aopt,81,135,de,DE,2345.93984623359,1210.54759532005,48.3981826190646,0.218412916666667,80,0.00215622773954929,1,0.158920683406106
cube,aopt,82,136,gs_sqp,GS-SQP,2031.96281186245,1133.5378870346,44.2146342237617,0.203031875,20,0.00264289094840044,1,1
cube,aopt,82,136,iso_sqp,Iso-SQP,2031.96281186245,1179.4113997756,41.9570381460583,0.716932291666667,100,0.00254252185770249,1,1
cube,aopt,82,136,manopt,Manopt,2031.96281186245,1133.5358752886,44.214733228822,2.25460791666667,50,0.00264657218290059,1,0.993366911128261
cube,aopt,82,136,tr_sqp,TR-SQP,2031.96281186245,1133.53587112432,44.2147334337606,1.42071183333333,37,0.00264657573528922,1,0.524757618155232
cube,aopt,82,136,pso,PSO,2031.96281186245,1158.4801423644,42.9871385636941,0.18540075,80,0.00243129814543851,1,0.499965496229676
cube,aopt,82,136,de,DE,2031.96281186245,1212.48512582142,40.3293643592773,0.199603125,80,0.00219125853718534,1,0.152551394008556
cube,aopt,83,137,gs_sqp,GS-SQP,4867.61157782348,1105.95607772524,77.2792865650188,0.0966525416666667,16,0.00271087027889277,1,1
cube,aopt,83,137,iso_sqp,Iso-SQP,4867.61157782348,1135.39456431488,76.6745035802021,0.679901416666667,100,0.00264142211022735,1,1
cube,aopt,83,137,manopt,Manopt,4867.61157782348,1105.95586315941,77.2792909730499,1.91640995833333,50,0.00271257206898194,1,0.962129144220528
cube,aopt,83,137,tr_sqp,TR-SQP,4867.61157782348,1105.95585652572,77.2792911093321,1.41610029166667,35,0.00271257521549971,1,0.84976198663716
cube,aopt,83,137,pso,PSO,4867.61157782348,1127.55232681157,76.8356141655053,0.15960125,80,0.00266002886759487,1,0.540887013277586
cube,aopt,83,137,de,DE,4867.61157782348,1202.548632832,75.2948933248756,0.194503208333333,80,0.00225449445326032,1,0.738342090837879
cube,aopt,84,138,gs_sqp,GS-SQP,1497.47757451286,1127.97365910731,24.6750884083022,0.179620583333333,14,0.00265938364181504,1,1
cube,aopt,84,138,iso_sqp,Iso-SQP,1497.47757451286,1162.01515159383,22.4018328306627,0.720310708333333,100,0.00258125064653495,1,1
cube,aopt,84,138,manopt,Manopt,1497.47757451286,1127.97365541061,24.6750886551643,1.99777708333333,50,0.0026596265723622,1,0.979391260422443
cube,aopt,84,138,tr_sqp,TR-SQP,1497.47757451286,1127.97364677002,24.6750892321734,1.96839579166667,35,0.00265962286249531,1,0.94215972318168
cube,aopt,84,138,pso,PSO,1497.47757451286,1156.14835940985,22.7936111306403,0.14975575,80,0.00258604966371781,1,0.228225139348509
cube,aopt,84,138,de,DE,1497.47757451286,1186.84537411637,20.7436963119489,0.2065,80,0.00228911351449268,1,0.245437309130323
cube,aopt,85,139,gs_sqp,GS-SQP,1682.26261180146,1121.26331329192,33.347902674291,0.112677833333333,13,0.00267230661237226,1,1
cube,aopt,85,139,iso_sqp,Iso-SQP,1682.26261180146,1169.86258208961,30.4589798356838,0.623944583333333,100,0.00256269168976153,1,1
cube,aopt,85,139,manopt,Manopt,1682.26261180146,1121.26242860325,33.3479552635043,1.89529341666667,50,0.00267554441151866,1,0.983850818912671
cube,aopt,85,139,tr_sqp,TR-SQP,1682.26261180146,1121.26242507534,33.3479554732166,1.18351629166667,38,0.00267554553145801,1,0.902159167018647
cube,aopt,85,139,pso,PSO,1682.26261180146,1170.91285152188,30.3965478809519,0.183558541666667,80,0.00255156865162198,1,0.229491489035173
cube,aopt,85,139,de,DE,1682.26261180146,1207.45790934872,28.2241725591399,0.202295041666667,80,0.00210751865191487,1,0.186552766280893
cube,aopt,86,140,gs_sqp,GS-SQP,1876.07682918271,1127.12696797365,39.9210655746618,0.088746875,11,0.00266119462691236,1,1
cube,aopt,86,140,iso_sqp,Iso-SQP,1876.07682918271,1169.424102745,37.6665131963469,0.702075166666667,100,0.00256523795781879,1,1
cube,aopt,86,140,manopt,Manopt,1876.07682918271,1127.12695514176,39.9210662586361,1.64131533333333,50,0.00266162087985177,1,0.972258398325829
cube,aopt,86,140,tr_sqp,TR-SQP,1876.07682918271,1127.12694630899,39.921066729447,1.91070170833333,37,0.00266162398813051,1,0.807278406792347
cube,aopt,86,140,pso,PSO,1876.07682918271,1169.73157039359,37.650124334025,0.162285916666667,80,0.0024574593373058,1,0.627388450713359
cube,aopt,86,140,de,DE,1876.07682918271,1215.71605626546,35.1990261083779,0.234662333333333,80,0.00202864877828841,1,0.171661066527019
cube,aopt,87,141,gs_sqp,GS-SQP,1586.72111405036,1113.92301635256,29.7971769273874,0.126529083333333,12,0.00269242840227839,1,1
cube,aopt,87,141,iso_sqp,Iso-SQP,1586.72111405036,1159.30818487816,26.9368652996089,0.697636416666667,100,0.00258610546051025,1,1
cube,aopt,87,141,manopt,Manopt,1586.72111405036,1113.92297804815,29.7971793414485,1.74785591666667,50,0.00269314702053567,1,0.97930817639781
cube,aopt,87,141,tr_sqp,TR-SQP,1586.72111405036,1113.92297169946,29.7971797415619,1.98769858333333,38,0.00269317422582662,1,0.810490188424955
cube,aopt,87,141,pso,PSO,1586.72111405036,1152.64726725383,27.3566566268531,0.231860958333333,80,0.00259378993959357,1,0.0634914789859191
cube,aopt,87,141,de,DE,1586.72111405036,1193.90232382495,24.7566372405973,0.23107275,80,0.00240903424042848,1,0.54186459923589
cube,aopt,88,142,gs_sqp,GS-SQP,1518.79667066157,1123.25117994343,26.0433472339548,0.0839868333333333,12,0.00267007037383537,1,1
cube,aopt,88,142,iso_sqp,Iso-SQP,1518.79667066157,1186.29367995696,21.8925282842355,0.7137825,100,0.00252705291537791,1,1
cube,aopt,88,142,manopt,Manopt,1518.79667066157,1123.25113905127,26.0433499263599,2.04590795833333,50,0.00267080855186463,1,0.886050139237401
cube,aopt,88,142,tr_sqp,TR-SQP,1518.79667066157,1123.25112661704,26.0433507450496,1.987833375,39,0.00267080822220155,1,0.593385076820004
cube,aopt,88,142,pso,PSO,1518.79667066157,1221.76435611208,19.5570822801516,0.160453125,80,0.00239152925204912,1,0.0779797404759545
cube,aopt,88,142,de,DE,1518.79667066157,1218.27461176625,19.7868526248755,0.228762291666667,80,0.00214347455219192,1,0.246220494101684
cube,aopt,89,143,gs_sqp,GS-SQP,1749.69559316965,1104.2620200386,36.8883350710065,0.120206708333333,17,0.00271176920137997,1,1
cube,aopt,89,143,iso_sqp,Iso-SQP,1749.69559316965,1140.43543383699,34.8209232343643,0.649866541666667,100,0.00262935859454708,1,1
cube,aopt,89,143,manopt,Manopt,1749.69559316965,1104.25942887661,36.8884831631657,1.92223429166667,50,0.00271673312377966,1,0.970590146697164
cube,aopt,89,143,tr_sqp,TR-SQP,1749.69559316965,1104.25942102495,36.8884836119102,1.596260625,41,0.00271674282747677,1,0.830056829534711
cube,aopt,89,143,pso,PSO,1749.69559316965,1152.22439968587,34.1471508424752,0.172599125,80,0.00249483599600419,1,0.551288047237138
cube,aopt,89,143,de,DE,1749.69559316965,1160.79006659076,33.65759900624,0.231679916666667,80,0.00243923738679351,1,0.246875043543032
cube,aopt,90,144,gs_sqp,GS-SQP,11118.8411954639,1123.87189776007,89.8921850037883,0.0442110833333333,10,0.0026688484783991,1,1
cube,aopt,90,144,iso_sqp,Iso-SQP,11118.8411954639,1167.16416331738,89.5028254941392,0.697509333333333,100,0.00256969896761347,1,1
cube,aopt,90,144,manopt,Manopt,11118.8411954639,1123.87186134691,89.8921853312788,1.765051,50,0.00266930270600934,1,0.915134717843694
cube,aopt,90,144,tr_sqp,TR-SQP,11118.8411954639,1123.8718483125,89.892185448507,1.99519525,37,0.0026693333551919,1,0.342734237150455
cube,aopt,90,144,pso,PSO,11118.8411954639,1135.77948520611,89.7850912227304,0.15634525,80,0.00264054975170566,1,0.248885634658036
cube,aopt,90,144,de,DE,11118.8411954639,1225.42446063009,88.978847353895,0.200870166666667,80,0.0020676973916055,1,0.713811443798226
cube,aopt,91,145,gs_sqp,GS-SQP,1757.55197356401,1112.49100837685,36.7022412360922,0.201034416666667,17,0.00269367220999892,1,1
cube,aopt,91,145,iso_sqp,Iso-SQP,1757.55197356401,1160.95004634629,33.9450517646948,0.675998,100,0.00258272921380293,1,1
cube,aopt,91,145,manopt,Manopt,1757.55197356401,1112.48903998521,36.7023532323041,1.576520125,50,0.00269663649491987,1,0.983524237231537
cube,aopt,91,145,tr_sqp,TR-SQP,1757.55197356401,1112.48901794873,36.7023544861209,1.95627525,38,0.00269664465537357,1,0.97566613310855
cube,aopt,91,145,pso,PSO,1757.55197356401,1160.46512447186,33.9726425205715,0.17764825,80,0.00257960963442842,1,0.348029794747216
cube,aopt,91,145,de,DE,1757.55197356401,1191.51561423556,32.2059528163269,0.20711275,80,0.0023710538168615,1,0.805906278981182
cube,aopt,92,146,gs_sqp,GS-SQP,2385.90225980795,1128.50023739106,52.7013215754321,0.178468208333333,12,0.00265812344195088,1,1
cube,aopt,92,146,iso_sqp,Iso-SQP,2385.90225980795,1171.85976077203,50.8839997131164,0.624769833333333,100,0.00255943949434484,1,1
cube,aopt,92,146,manopt,Manopt,2385.90225980795,1128.50023609177,52.7013216298891,1.66271758333333,50,0.00265838262472163,1,0.958572338126965
cube,aopt,92,146,tr_sqp,TR-SQP,2385.90225980795,1128.50022950668,52.7013219058889,1.33098425,35,0.00265838513654545,1,0.293248184605064
cube,aopt,92,146,pso,PSO,2385.90225980795,1170.57666648839,50.9377778709753,0.139454458333333,80,0.00256229122224342,1,0.502809752708751
cube,aopt,92,146,de,DE,2385.90225980795,1208.86867963878,49.3328498822878,0.257788916666667,80,0.00233184900112749,1,0.15722258670793
cube,aopt,93,147,gs_sqp,GS-SQP,2203.78060316328,1112.60184626913,49.5139468660305,0.11542875,17,0.00269400042242618,1,1
cube,aopt,93,147,iso_sqp,Iso-SQP,2203.78060316328,1140.3225049386,48.2560785178983,0.578196458333333,100,0.00262974429437673,1,1
cube,aopt,93,147,manopt,Manopt,2203.78060316328,1112.60097609542,49.5139863515269,1.78582033333333,50,0.00269637447484025,1,0.938785499770163
cube,aopt,93,147,tr_sqp,TR-SQP,2203.78060316328,1112.60096858381,49.5139866923777,1.132911875,37,0.00269637440909074,1,0.922248481190136
cube,aopt,93,147,pso,PSO,2203.78060316328,1159.37968728241,47.3913289908149,0.173381375,80,0.00253170150545153,1,0.881048130168617
cube,aopt,93,147,de,DE,2203.78060316328,1163.2917389747,47.2138135118837,0.189127458333333,80,0.00243340142036568,1,0.538821912168311
cube,aopt,94,148,gs_sqp,GS-SQP,1690.54851941667,1129.36567617278,33.1953112731438,0.0607090416666667,11,0.00265530763265667,1,1
cube,aopt,94,148,iso_sqp,Iso-SQP,1690.54851941667,1170.43670743418,30.7658612579756,0.634127416666667,100,0.00256196067794371,1,1
cube,aopt,94,148,manopt,Manopt,1690.54851941667,1129.36558006345,33.1953169582411,1.5954925,50,0.00265634775068356,1,0.994792716822223
cube,aopt,94,148,tr_sqp,TR-SQP,1690.54851941667,1129.36555964797,33.1953181658657,1.398063375,36,0.00265634852543471,1,0.881394333712199
cube,aopt,94,148,pso,PSO,1690.54851941667,1163.22372689673,31.1925263583619,0.155682166666667,80,0.0025773481412393,1,0.193033421045194
cube,aopt,94,148,de,DE,1690.54851941667,1267.07878984863,25.0492502702117,0.190525625,80,0.00213639456625197,1,0.0959752110959972
cube,aopt,95,149,gs_sqp,GS-SQP,1710.20936043748,1131.48516928626,33.8393768937844,0.0866532083333333,12,0.00265106960867145,1,1
cube,aopt,95,149,iso_sqp,Iso-SQP,1710.20936043748,1184.7677173053,30.7238198601465,0.639708333333333,100,0.00253075592224355,1,1
cube,aopt,95,149,manopt,Manopt,1710.20936043748,1131.48515982624,33.8393774469344,2.029573,50,0.00265126933361294,1,0.446731417424225
cube,aopt,95,149,tr_sqp,TR-SQP,1710.20936043748,1131.48515131835,33.839377944411,1.93414925,36,0.00265134836511903,1,0.881054110518953
cube,aopt,95,149,pso,PSO,1710.20936043748,1146.67966985319,32.9509183858128,0.128241916666667,80,0.00245490369168516,1,0.167695123935624
cube,aopt,95,149,de,DE,1710.20936043748,1220.44620756819,28.6376138617327,0.169814708333333,80,0.00221932529993404,1,0.154762899738315
cube,aopt,96,150,gs_sqp,GS-SQP,1570.59448296954,1130.7907426096,28.0023739500468,0.081053125,11,0.00265272829272279,1,1
cube,aopt,96,150,iso_sqp,Iso-SQP,1570.59448296954,1149.51353429171,26.8102908321498,0.582812041666667,100,0.00260933138428239,1,1
cube,aopt,96,150,manopt,Manopt,1570.59448296954,1130.79073563003,28.0023743944375,1.91548708333333,50,0.00265300076425908,1,0.97568105404529
cube,aopt,96,150,tr_sqp,TR-SQP,1570.59448296954,1130.79073218759,28.0023746136183,1.40614841666667,37,0.00265300061358071,1,0.967347408412788
cube,aopt,96,150,pso,PSO,1570.59448296954,1288.41986430438,17.9661027543943,0.132571,80,0.0023281561546618,1,0.862590907716007
cube,aopt,96,150,de,DE,1570.59448296954,1216.48363125399,22.546294129725,0.161680625,80,0.00209536618582777,1,0.51293218834279
cube,aopt,97,151,gs_sqp,GS-SQP,4062.06928297307,1121.04011727007,72.402240356433,0.234837333333333,32,0.00267131701162873,1,1
cube,aopt,97,151,iso_sqp,Iso-SQP,4062.06928297307,1163.35767355444,71.3604669809333,0.695196875,100,0.00257684839099444,1,1
cube,aopt,97,151,manopt,Manopt,4062.06928297307,1121.03807957186,72.4022905204767,1.56174466666667,50,0.00267608057062954,1,0.966864955642564
cube,aopt,97,151,tr_sqp,TR-SQP,4062.06928297307,1121.03807490588,72.4022906353438,1.07984925,38,0.00267608095167909,1,0.831250765597778
cube,aopt,97,151,pso,PSO,4062.06928297307,1178.77147755408,70.981010036064,0.100060708333333,80,0.00248398924129559,1,0.0514839069285788
cube,aopt,97,151,de,DE,4062.06928297307,1194.07761175457,70.6042037057375,0.143177,80,0.00227584237902142,1,0.347412661489993
cube,aopt,98,152,gs_sqp,GS-SQP,2927.67742903324,1105.81417362853,62.2289613376675,0.106191416666667,11,0.00271256232415771,1,1
cube,aopt,98,152,iso_sqp,Iso-SQP,2927.67742903324,1145.50972368254,60.8730896265165,0.668572791666667,100,0.0026183881255167,1,1
cube,aopt,98,152,manopt,Manopt,2927.67742903324,1105.81421820805,62.228959814975,1.63817016666667,50,0.00271246367157808,1,0.98712319553858
cube,aopt,98,152,tr_sqp,TR-SQP,2927.67742903324,1105.81416300343,62.2289617005866,1.62654195833333,40,0.00271292244098963,1,0.901647962161574
cube,aopt,98,152,pso,PSO,2927.67742903324,1189.52606643243,59.3696335997907,0.087508,80,0.00252167334532316,1,0.83486593242356
cube,aopt,98,152,de,DE,2927.67742903324,1208.61768502191,58.7175256045536,0.117105,80,0.00218797989356573,1,0.75545604648805
cube,aopt,99,153,gs_sqp,GS-SQP,2857.99638856445,1105.3059464909,61.3258452350218,0.233105541666667,29,0.00270904496392979,1,1
cube,aopt,99,153,iso_sqp,Iso-SQP,2857.99638856445,1155.94224109909,59.5541042065589,0.642993166666667,100,0.00259400617474084,1,1
cube,aopt,99,153,manopt,Manopt,2857.99638856445,1105.30182817197,61.3259893331373,1.75426275,50,0.00271417771181526,1,0.981629912630269
cube,aopt,99,153,tr_sqp,TR-SQP,2857.99638856445,1105.301824848,61.3259894494414,1.34342504166667,40,0.00271418030739904,1,0.593157975601983
cube,aopt,99,153,pso,PSO,2857.99638856445,1109.32027771038,61.1853856026885,0.0894142916666667,80,0.00249488952272826,1,0.749676465602603
cube,aopt,99,153,de,DE,2857.99638856445,1150.93791365956,59.7292033585227,0.111257166666667,80,0.00221379372084108,1,0.90836119692025
cube,aopt,100,154,gs_sqp,GS-SQP,1637.81367070755,1105.69288909693,32.4897020416701,0.0914654166666667,11,0.00271219635476767,1,1
cube,aopt,100,154,iso_sqp,Iso-SQP,1637.81367070755,1146.40220094053,30.0041133222881,0.701635375,100,0.0026164538043397,1,1
cube,aopt,100,154,manopt,Manopt,1637.81367070755,1105.6928062931,32.4897070974238,1.54704979166667,50,0.00271322099845704,1,0.965775830635942
cube,aopt,100,154,tr_sqp,TR-SQP,1637.81367070755,1105.69280358057,32.4897072630427,0.70850725,37,0.00271322074938765,1,0.572220379105096
cube,aopt,100,154,pso,PSO,1637.81367070755,1211.24162588531,26.045212129531,0.097995375,80,0.00228669844894321,1,0.624616268515228
cube,aopt,100,154,de,DE,1637.81367070755,1184.38340843714,27.6850944878561,0.125003291666667,80,0.00226794617830755,1,0.202226961072175
