scene_name,case_label,criterion,method_id,method_name,trial_idx,seed,objective_init,objective_final,reduction_pct,time_sec,iterations,min_eigJ,min_sin_init,min_sin_final
free_flight,Free-flight A-opt,aopt,gs_sqp_all,all,1,55,852.931592870062,264.293426647781,69.0135259548248,0.2440773,32,0.00827243415393789,1,1
free_flight,Free-flight A-opt,aopt,gs_sqp_p_only,p-only,1,55,852.931592870062,270.158254221313,68.3259177547584,0.1648411,24,0.00812113524077731,1,0.890829835567545
free_flight,Free-flight A-opt,aopt,gs_sqp_u_only,u-only,1,55,852.931592870062,644.525902809689,24.4340450984001,0.0118627,24,0.00445982022225969,1,1
free_flight,Free-flight A-opt,aopt,gs_sqp_all,all,2,56,898.679654154008,277.872069162198,69.0799643813258,0.2689065,37,0.00786739379795214,1,1
free_flight,Free-flight A-opt,aopt,gs_sqp_p_only,p-only,2,56,898.679654154008,294.526629864463,67.2267388603871,0.1649797,25,0.00747934853885234,1,0.777555021533878
free_flight,Free-flight A-opt,aopt,gs_sqp_u_only,u-only,2,56,898.679654154008,580.609512164482,35.3930502954302,0.0147125,29,0.00437570571203231,1,1
free_flight,Free-flight A-opt,aopt,gs_sqp_all,all,3,57,928.961104260087,259.176907851452,72.100348802237,0.2256053,29,0.00843420671800776,1,1
free_flight,Free-flight A-opt,aopt,gs_sqp_p_only,p-only,3,57,928.961104260087,269.700706003471,70.9674920977143,0.6640649,100,0.00804342389259342,1,0.804807351062997
free_flight,Free-flight A-opt,aopt,gs_sqp_u_only,u-only,3,57,928.961104260087,646.848802334933,30.3685806253272,0.0278611,56,0.00447191214981709,1,1
free_flight,Free-flight A-opt,aopt,gs_sqp_all,all,4,58,1196.60057352934,265.155982037297,77.8408946224031,0.2023532,24,0.00824563552919111,1,1
free_flight,Free-flight A-opt,aopt,gs_sqp_p_only,p-only,4,58,1196.60057352934,274.545625873112,77.0562013802696,0.2170704,30,0.00781067363130349,1,0.669623722611973
free_flight,Free-flight A-opt,aopt,gs_sqp_u_only,u-only,4,58,1196.60057352934,723.274634565116,39.555884347286,0.0059996,12,0.00253675760347238,1,1
free_flight,Free-flight A-opt,aopt,gs_sqp_all,all,5,59,989.633758445592,292.041608385281,70.4899306543475,0.2929376,37,0.00748395528930953,1,1
free_flight,Free-flight A-opt,aopt,gs_sqp_p_only,p-only,5,59,989.633758445592,302.705799753604,69.4123409624727,0.3663623,47,0.00715448123703995,1,0.701612553481844
free_flight,Free-flight A-opt,aopt,gs_sqp_u_only,u-only,5,59,989.633758445592,684.881246137092,30.7944741888325,0.0216258,21,0.00377518811552394,1,1
free_flight,Free-flight A-opt,aopt,gs_sqp_all,all,6,60,1123.95507543242,253.067069401487,77.4842362534709,0.280094,35,0.00863603163518656,1,1
free_flight,Free-flight A-opt,aopt,gs_sqp_p_only,p-only,6,60,1123.95507543242,257.289899859336,77.1085245768965,0.2073754,30,0.00851653615361789,1,0.841569427355339
free_flight,Free-flight A-opt,aopt,gs_sqp_u_only,u-only,6,60,1123.95507543242,600.829732645657,46.5432608670325,0.0106643,19,0.00425163765327079,1,1
free_flight,Free-flight A-opt,aopt,gs_sqp_all,all,7,61,1312.03718904044,292.814661009854,77.6824419722428,0.1983788,25,0.00746396987923904,1,1
free_flight,Free-flight A-opt,aopt,gs_sqp_p_only,p-only,7,61,1312.03718904044,297.077316680388,77.3575536454377,0.238827,34,0.00732857451639137,1,0.423022595907607
free_flight,Free-flight A-opt,aopt,gs_sqp_u_only,u-only,7,61,1312.03718904044,801.185841862303,38.9357368407939,0.0061267,10,0.00374333161303838,1,1
free_flight,Free-flight A-opt,aopt,gs_sqp_all,all,8,62,948.925662628089,290.497115332848,69.3867363089007,0.3055989,39,0.00752363309774805,1,1
free_flight,Free-flight A-opt,aopt,gs_sqp_p_only,p-only,8,62,948.925662628089,307.393653808247,67.6061396677893,0.3246343,49,0.00707244336097484,1,0.639285759969281
free_flight,Free-flight A-opt,aopt,gs_sqp_u_only,u-only,8,62,948.925662628089,728.672336359428,23.2108093334371,0.0087162,16,0.00411394647557101,1,1
free_flight,Free-flight A-opt,aopt,gs_sqp_all,all,9,63,656.718358935486,234.413495959609,64.3053231617304,0.2092449,27,0.00932763747907622,1,1
free_flight,Free-flight A-opt,aopt,gs_sqp_p_only,p-only,9,63,656.718358935486,242.408705371295,63.0878744178509,0.1517471,23,0.00901232781028165,1,0.86043329937253
free_flight,Free-flight A-opt,aopt,gs_sqp_u_only,u-only,9,63,656.718358935486,558.456615795905,14.9625393903802,0.0101932,21,0.00536367078047932,1,1
free_flight,Free-flight A-opt,aopt,gs_sqp_all,all,10,64,2253.64061218692,272.243958596494,87.9198148487256,0.1750544,22,0.00802891000967334,1,1
free_flight,Free-flight A-opt,aopt,gs_sqp_p_only,p-only,10,64,2253.64061218692,285.325030132676,87.3393730752927,0.324658,47,0.00747809866501286,1,0.5890795809824
free_flight,Free-flight A-opt,aopt,gs_sqp_u_only,u-only,10,64,2253.64061218692,660.636539969297,70.6858078259328,0.0043001,9,0.00286455011061849,1,1
free_flight,Free-flight A-opt,aopt,gs_sqp_all,all,11,65,966.926539330567,250.580750006171,74.0848203236147,0.1863595,25,0.00872440727489483,1,1
free_flight,Free-flight A-opt,aopt,gs_sqp_p_only,p-only,11,65,966.926539330567,261.918960702359,72.9122172110723,0.3148291,44,0.00841707592606565,1,0.765189003735681
free_flight,Free-flight A-opt,aopt,gs_sqp_u_only,u-only,11,65,966.926539330567,709.510379071039,26.6221010375561,0.0113501,22,0.00422147642570211,1,1
free_flight,Free-flight A-opt,aopt,gs_sqp_all,all,12,66,802.318478605961,255.804167977775,68.1168794189761,0.205841,27,0.00854638028019638,1,1
free_flight,Free-flight A-opt,aopt,gs_sqp_p_only,p-only,12,66,802.318478605961,262.745578305105,67.2517104726756,0.5884103,88,0.00818665920641538,1,0.748630880682611
free_flight,Free-flight A-opt,aopt,gs_sqp_u_only,u-only,12,66,802.318478605961,657.144346360735,18.0943273919689,0.0268001,53,0.00442722006696713,1,1
free_flight,Free-flight A-opt,aopt,gs_sqp_all,all,13,67,2446.17488307525,278.756020235715,88.6044116402147,0.2088892,27,0.00784217435710124,1,1
free_flight,Free-flight A-opt,aopt,gs_sqp_p_only,p-only,13,67,2446.17488307525,293.304419594309,88.0096708692562,0.6858289,100,0.00742286484661213,1,0.451711095657012
free_flight,Free-flight A-opt,aopt,gs_sqp_u_only,u-only,13,67,2446.17488307525,748.984152066513,69.3814143359646,0.0507024,100,0.00341880474851548,1,1
free_flight,Free-flight A-opt,aopt,gs_sqp_all,all,14,68,924.2629166761,271.272740736661,70.6498296272416,0.2507293,32,0.00805850642271842,1,1
free_flight,Free-flight A-opt,aopt,gs_sqp_p_only,p-only,14,68,924.2629166761,274.489446179823,70.3018003614208,0.5641811,84,0.00780907688787844,1,0.499410165933527
free_flight,Free-flight A-opt,aopt,gs_sqp_u_only,u-only,14,68,924.2629166761,742.216947728344,19.6963402580775,0.0075047,14,0.00403512344293094,1,1
free_flight,Free-flight A-opt,aopt,gs_sqp_all,all,15,69,1864.06744492532,254.940894050775,86.3234082680421,0.2001284,27,0.00857385029198878,1,1
free_flight,Free-flight A-opt,aopt,gs_sqp_p_only,p-only,15,69,1864.06744492532,261.072670241734,85.9944622201053,0.3356717,47,0.00828917210985503,1,0.626345921301908
free_flight,Free-flight A-opt,aopt,gs_sqp_u_only,u-only,15,69,1864.06744492532,546.756975091341,70.6686055496643,0.0305892,61,0.00500478244408601,1,1
free_flight,Free-flight A-opt,aopt,gs_sqp_all,all,16,70,2987.66763383751,271.458905376342,90.9140192737013,0.1852782,23,0.00805276293195011,1,1
free_flight,Free-flight A-opt,aopt,gs_sqp_p_only,p-only,16,70,2987.66763383751,275.921380721031,90.764656095075,0.4394329,64,0.00775810767340875,1,0.139837980584968
free_flight,Free-flight A-opt,aopt,gs_sqp_u_only,u-only,16,70,2987.66763383751,794.98573294064,73.3910919696406,0.0442995,85,0.0027522972089824,1,1
free_flight,Free-flight A-opt,aopt,gs_sqp_all,all,17,71,1166.8701703041,289.446861503962,75.1945958624919,0.2193944,27,0.00755263762306846,1,1
free_flight,Free-flight A-opt,aopt,gs_sqp_p_only,p-only,17,71,1166.8701703041,291.879950867748,74.9860817170705,0.4695052,68,0.0074083428771561,1,0.916016541906115
free_flight,Free-flight A-opt,aopt,gs_sqp_u_only,u-only,17,71,1166.8701703041,709.250281747362,39.2177210629593,0.0089777,18,0.0042244385190741,1,1
free_flight,Free-flight A-opt,aopt,gs_sqp_all,all,18,72,672.817208120731,267.915296353133,60.1800766806402,0.3328133,42,0.00815925326435507,1,1
free_flight,Free-flight A-opt,aopt,gs_sqp_p_only,p-only,18,72,672.817208120731,287.73472227906,57.2343396087117,0.1919377,28,0.00778350393162618,1,0.685311540238386
free_flight,Free-flight A-opt,aopt,gs_sqp_u_only,u-only,18,72,672.817208120731,513.582288789581,23.6668916028345,0.0076464,15,0.00353232819020017,1,1
free_flight,Free-flight A-opt,aopt,gs_sqp_all,all,19,73,1579.45197710917,266.277441988833,83.1411498514697,0.2249045,29,0.00821081702424038,1,1
free_flight,Free-flight A-opt,aopt,gs_sqp_p_only,p-only,19,73,1579.45197710917,278.514162105795,82.3664051745623,0.6843813,100,0.00764263234661028,1,0.58610095266994
free_flight,Free-flight A-opt,aopt,gs_sqp_u_only,u-only,19,73,1579.45197710917,588.790684880341,62.7218368514128,0.0479344,96,0.0047115535518477,1,1
free_flight,Free-flight A-opt,aopt,gs_sqp_all,all,20,74,1221.73693333738,291.567774502181,76.1349790985106,0.1680941,23,0.00749804303433457,1,1
free_flight,Free-flight A-opt,aopt,gs_sqp_p_only,p-only,20,74,1221.73693333738,303.2633929822,75.1776847611715,0.3274391,48,0.00723124156820853,1,0.519829864005336
free_flight,Free-flight A-opt,aopt,gs_sqp_u_only,u-only,20,74,1221.73693333738,577.4720598628,52.7335186401103,0.0419172,85,0.00463109512493773,1,1
free_flight,Free-flight A-opt,aopt,gs_sqp_all,all,21,75,872.898619269646,293.616878387947,66.3630034569632,0.2191885,29,0.00744515514658649,1,1
free_flight,Free-flight A-opt,aopt,gs_sqp_p_only,p-only,21,75,872.898619269646,299.027470467598,65.7431614775844,0.3169596,47,0.00716510580493341,1,0.891233718927924
free_flight,Free-flight A-opt,aopt,gs_sqp_u_only,u-only,21,75,872.898619269646,775.501333169123,11.1579150144624,0.0028939,6,0.00386752947731523,1,1
free_flight,Free-flight A-opt,aopt,gs_sqp_all,all,22,76,761.930751125174,253.866818155746,66.68111665255,0.2155324,28,0.00861212944322767,1,1
free_flight,Free-flight A-opt,aopt,gs_sqp_p_only,p-only,22,76,761.930751125174,260.62761291542,65.7937926077218,0.1734588,27,0.00836880681497464,1,0.829253552777697
free_flight,Free-flight A-opt,aopt,gs_sqp_u_only,u-only,22,76,761.930751125174,637.731618489566,16.3005801317506,0.0363967,75,0.0045944079721958,1,1
free_flight,Free-flight A-opt,aopt,gs_sqp_all,all,23,77,1178.9142023738,283.696797169975,75.9357554096186,0.1849922,24,0.00770469741267695,1,1
free_flight,Free-flight A-opt,aopt,gs_sqp_p_only,p-only,23,77,1178.9142023738,299.434339752136,74.600837011785,0.3326756,49,0.00717456921499515,1,0.529359041306169
free_flight,Free-flight A-opt,aopt,gs_sqp_u_only,u-only,23,77,1178.9142023738,671.304539037925,43.0573880875961,0.0184382,37,0.00376844336588899,1,1
free_flight,Free-flight A-opt,aopt,gs_sqp_all,all,24,78,663.004169946184,286.998117134063,56.712471784701,0.2095757,28,0.00761804627113832,1,1
free_flight,Free-flight A-opt,aopt,gs_sqp_p_only,p-only,24,78,663.004169946184,295.839311326894,55.378966718881,0.4110771,62,0.00725534963240318,1,0.601465380300865
free_flight,Free-flight A-opt,aopt,gs_sqp_u_only,u-only,24,78,663.004169946184,550.39906286631,16.984072225219,0.0161874,33,0.00472190355034526,1,1
free_flight,Free-flight A-opt,aopt,gs_sqp_all,all,25,79,913.015752881186,265.490116472525,70.9216280623064,0.2591676,34,0.0082353098557984,1,1
free_flight,Free-flight A-opt,aopt,gs_sqp_p_only,p-only,25,79,913.015752881186,274.110247174002,69.9774898396881,0.5967123,89,0.00755408733052259,1,0.904802381463089
free_flight,Free-flight A-opt,aopt,gs_sqp_u_only,u-only,25,79,913.015752881186,643.188165675795,29.5534426820021,0.0046747,9,0.00465690356070885,1,1
free_flight,Free-flight A-opt,aopt,gs_sqp_all,all,26,80,1098.07101312292,249.395242774313,77.2878766679187,0.2838804,37,0.00876452000650298,1,1
free_flight,Free-flight A-opt,aopt,gs_sqp_p_only,p-only,26,80,1098.07101312292,263.622690465955,75.9922002024067,0.1699353,25,0.00837210687091789,1,0.565214798845961
free_flight,Free-flight A-opt,aopt,gs_sqp_u_only,u-only,26,80,1098.07101312292,637.309290529495,41.9610131846589,0.033039,67,0.00445061944237671,1,1
free_flight,Free-flight A-opt,aopt,gs_sqp_all,all,27,81,1234.66319771032,296.976099459045,75.9467926143918,0.1526834,20,0.00736215314626166,1,1
free_flight,Free-flight A-opt,aopt,gs_sqp_p_only,p-only,27,81,1234.66319771032,313.43203828639,74.6139644505766,0.6853079,100,0.00689322288633394,1,0.624141005761586
free_flight,Free-flight A-opt,aopt,gs_sqp_u_only,u-only,27,81,1234.66319771032,571.380551616951,53.7217475440611,0.0098523,16,0.0040536515933689,1,1
free_flight,Free-flight A-opt,aopt,gs_sqp_all,all,28,82,1079.98956484885,274.276943975221,74.6037412858145,0.2589863,33,0.00796901982379039,1,1
free_flight,Free-flight A-opt,aopt,gs_sqp_p_only,p-only,28,82,1079.98956484885,293.603906745437,72.8141904050223,0.6813361,100,0.00732996055327951,1,0.737228973637469
free_flight,Free-flight A-opt,aopt,gs_sqp_u_only,u-only,28,82,1079.98956484885,728.352543288835,32.5592980714799,0.004151,8,0.00411541638079399,1,1
free_flight,Free-flight A-opt,aopt,gs_sqp_all,all,29,83,1362.12808225192,277.14428537177,79.6535811145171,0.2206227,28,0.00788915690081854,1,1
free_flight,Free-flight A-opt,aopt,gs_sqp_p_only,p-only,29,83,1362.12808225192,281.210628826471,79.3550523999502,0.4687547,66,0.00759017184154509,1,0.558003386510336
free_flight,Free-flight A-opt,aopt,gs_sqp_u_only,u-only,29,83,1362.12808225192,692.964850141376,49.1263076379909,0.0306078,63,0.00293833236484214,1,1
free_flight,Free-flight A-opt,aopt,gs_sqp_all,all,30,84,780.975290977118,247.508526498896,68.3077647451272,0.2096265,27,0.00883181866937031,1,1
free_flight,Free-flight A-opt,aopt,gs_sqp_p_only,p-only,30,84,780.975290977118,255.585724880736,67.2735196831952,0.1591018,22,0.00841262146049556,1,0.899667032524093
free_flight,Free-flight A-opt,aopt,gs_sqp_u_only,u-only,30,84,780.975290977118,733.181343214718,6.11977719584477,0.0034757,6,0.00409111160209192,1,1
free_flight,Free-flight D-opt,dopt,gs_sqp_all,all,1,55,16.5066001170601,13.2695182198829,19.6108336921034,0.6065063,87,0.00650656979034489,1,1
free_flight,Free-flight D-opt,dopt,gs_sqp_p_only,p-only,1,55,16.5066001170601,13.3341824320659,19.2190860776676,0.195512,29,0.00616361190847952,1,0.887002755009639
free_flight,Free-flight D-opt,dopt,gs_sqp_u_only,u-only,1,55,16.5066001170601,16.1083278028128,2.41280646179608,0.0044514,10,0.00445790949676023,1,1
free_flight,Free-flight D-opt,dopt,gs_sqp_all,all,2,56,16.377039150311,13.419798443985,18.0572365931599,0.2989256,41,0.00619288613748116,1,1
free_flight,Free-flight D-opt,dopt,gs_sqp_p_only,p-only,2,56,16.377039150311,13.5536172599037,17.2401242037313,0.1418628,22,0.00606074000896477,1,0.831779532665741
free_flight,Free-flight D-opt,dopt,gs_sqp_u_only,u-only,2,56,16.377039150311,15.7612003498835,3.7603793626874,0.0279593,60,0.00463293404648591,1,1
free_flight,Free-flight D-opt,dopt,gs_sqp_all,all,3,57,16.6573786447522,13.2108435697405,20.6907410134282,0.2681511,38,0.00664068999202881,1,1
free_flight,Free-flight D-opt,dopt,gs_sqp_p_only,p-only,3,57,16.6573786447522,13.2974465277711,20.1708335305189,0.3435338,53,0.00638580367863638,1,0.84311019561607
free_flight,Free-flight D-opt,dopt,gs_sqp_u_only,u-only,3,57,16.6573786447522,16.1196827014276,3.22797454984905,0.0106924,23,0.00445546586480517,1,1
free_flight,Free-flight D-opt,dopt,gs_sqp_all,all,4,58,16.9909947594752,13.2792724751961,21.845232352916,0.2470282,34,0.00649098128015378,1,1
free_flight,Free-flight D-opt,dopt,gs_sqp_p_only,p-only,4,58,16.9909947594752,13.3478929026864,21.4413688448531,0.4132261,63,0.00634383870250474,1,0.634182820511625
free_flight,Free-flight D-opt,dopt,gs_sqp_u_only,u-only,4,58,16.9909947594752,16.1817215923434,4.76295342672887,0.0062397,13,0.00253432945600961,1,1
free_flight,Free-flight D-opt,dopt,gs_sqp_all,all,5,59,16.7803168501035,13.5689993166482,19.1374070116886,0.2018422,29,0.00589445885071531,1,1
free_flight,Free-flight D-opt,dopt,gs_sqp_p_only,p-only,5,59,16.7803168501035,13.6432306579901,18.6950354998454,0.2032531,32,0.00572004330334824,1,0.735457070791071
free_flight,Free-flight D-opt,dopt,gs_sqp_u_only,u-only,5,59,16.7803168501035,16.2735323754844,3.0201126662038,0.0064002,13,0.0037746407676951,1,1
free_flight,Free-flight D-opt,dopt,gs_sqp_all,all,6,60,16.6819048933657,13.1392721261282,21.2363803167732,0.202202,28,0.00680234187084352,1,1
free_flight,Free-flight D-opt,dopt,gs_sqp_p_only,p-only,6,60,16.6819048933657,13.1786155332191,21.0005355056298,0.2515213,37,0.00678922767663193,1,0.891649034270552
free_flight,Free-flight D-opt,dopt,gs_sqp_u_only,u-only,6,60,16.6819048933657,15.8738698599232,4.84378156216335,0.0071555,15,0.00423848421677558,1,1
free_flight,Free-flight D-opt,dopt,gs_sqp_all,all,7,61,17.4334221321679,13.5769426880085,22.1211843258443,0.2925396,41,0.00587518055852019,1,1
free_flight,Free-flight D-opt,dopt,gs_sqp_p_only,p-only,7,61,17.4334221321679,13.6101020893415,21.9309784036704,0.214139,34,0.00583053886295293,1,0.483792448314648
free_flight,Free-flight D-opt,dopt,gs_sqp_u_only,u-only,7,61,17.4334221321679,16.7624452066966,3.84879641176869,0.003574,8,0.0037373896873763,1,1
free_flight,Free-flight D-opt,dopt,gs_sqp_all,all,8,62,16.9070095035352,13.5530918339028,19.8374388381996,0.2787033,39,0.00592667773904089,1,1
free_flight,Free-flight D-opt,dopt,gs_sqp_p_only,p-only,8,62,16.9070095035352,13.6806238977205,19.0831241038815,0.2896494,45,0.00573827063952287,1,0.874245848327162
free_flight,Free-flight D-opt,dopt,gs_sqp_u_only,u-only,8,62,16.9070095035352,16.4778441866798,2.5383869144073,0.0075008,13,0.0041058889084075,1,1
free_flight,Free-flight D-opt,dopt,gs_sqp_all,all,9,63,15.9363604099159,12.9095871477402,18.9928765685572,0.2428912,35,0.00734629596800202,1,1
free_flight,Free-flight D-opt,dopt,gs_sqp_p_only,p-only,9,63,15.9363604099159,12.988156910866,18.4998545666394,0.2007995,31,0.00722896850298221,1,0.798796600544511
free_flight,Free-flight D-opt,dopt,gs_sqp_u_only,u-only,9,63,15.9363604099159,15.6797107977044,1.61046566223363,0.0088402,18,0.005345072012865,1,1
free_flight,Free-flight D-opt,dopt,gs_sqp_all,all,10,64,17.5326728327585,13.3584384564559,23.8083172835083,0.2619819,36,0.00632573346298069,1,1
free_flight,Free-flight D-opt,dopt,gs_sqp_p_only,p-only,10,64,17.5326728327585,13.4541101911877,23.262640445502,0.6389234,100,0.00594258482010829,1,0.549012634281685
free_flight,Free-flight D-opt,dopt,gs_sqp_u_only,u-only,10,64,17.5326728327585,15.9500658568241,9.02661557100053,0.0039504,9,0.00286005962567334,1,1
free_flight,Free-flight D-opt,dopt,gs_sqp_all,all,11,65,16.8143151709453,13.1097054245708,22.0324747616007,0.3731463,54,0.00687663914659504,1,1
free_flight,Free-flight D-opt,dopt,gs_sqp_p_only,p-only,11,65,16.8143151709453,13.2143387455573,21.4101876216087,0.2185798,32,0.00681908618095797,1,0.745675450749758
free_flight,Free-flight D-opt,dopt,gs_sqp_u_only,u-only,11,65,16.8143151709453,16.3979134355007,2.47647157324686,0.0067577,13,0.00420386751787194,1,1
free_flight,Free-flight D-opt,dopt,gs_sqp_all,all,12,66,16.4490283759222,13.1715496822682,19.9250595156828,0.2168284,29,0.00672862075347588,1,1
free_flight,Free-flight D-opt,dopt,gs_sqp_p_only,p-only,12,66,16.4490283759222,13.223430922308,19.6096534086826,0.4282017,67,0.0065363814832499,1,0.806777879053982
free_flight,Free-flight D-opt,dopt,gs_sqp_u_only,u-only,12,66,16.4490283759222,16.1672781498219,1.71286850299765,0.0128231,27,0.00441409648184312,1,1
free_flight,Free-flight D-opt,dopt,gs_sqp_all,all,13,67,18.0403847540828,13.4293244195182,25.5596562790664,0.2709806,34,0.00617568798729282,1,1
free_flight,Free-flight D-opt,dopt,gs_sqp_p_only,p-only,13,67,18.0403847540828,13.5250692462142,25.0289313083897,0.257908,39,0.00613735332075986,1,0.545232244365283
free_flight,Free-flight D-opt,dopt,gs_sqp_u_only,u-only,13,67,18.0403847540828,16.548379027819,8.27036533090668,0.0141802,28,0.00329293678960374,1,1
free_flight,Free-flight D-opt,dopt,gs_sqp_all,all,14,68,16.8610972043272,13.3476883729209,20.8373677515161,0.2962226,42,0.00634521319812815,1,1
free_flight,Free-flight D-opt,dopt,gs_sqp_p_only,p-only,14,68,16.8610972043272,13.3619498252137,20.7527857571181,0.221544,34,0.0062432556671735,1,0.422103527304026
free_flight,Free-flight D-opt,dopt,gs_sqp_u_only,u-only,14,68,16.8610972043272,16.5331017543986,1.94527939643449,0.0036304,7,0.00402513389963449,1,1
free_flight,Free-flight D-opt,dopt,gs_sqp_all,all,15,69,17.1536721680403,13.1614100174347,23.2735131667243,0.205194,29,0.00675181786459162,1,1
free_flight,Free-flight D-opt,dopt,gs_sqp_p_only,p-only,15,69,17.1536721680403,13.2111367607511,22.9836233820224,0.1702828,27,0.00660446526037327,1,0.694838358094985
free_flight,Free-flight D-opt,dopt,gs_sqp_u_only,u-only,15,69,17.1536721680403,15.6094821231571,9.00209605124813,0.0270698,56,0.00500238633762364,1,1
free_flight,Free-flight D-opt,dopt,gs_sqp_all,all,16,70,18.1822485139409,13.3497441779534,26.5781447893106,0.1829056,26,0.00633920557000857,1,1
free_flight,Free-flight D-opt,dopt,gs_sqp_p_only,p-only,16,70,18.1822485139409,13.3819232864985,26.4011638811437,0.6739058,100,0.00605153648026217,1,0.434723648234365
free_flight,Free-flight D-opt,dopt,gs_sqp_u_only,u-only,16,70,18.1822485139409,16.6460888755657,8.44867804549782,0.0104297,22,0.00273882458428352,1,1
free_flight,Free-flight D-opt,dopt,gs_sqp_all,all,17,71,17.1152169111421,13.5422309962343,20.8760773144611,0.3366359,47,0.00594837269305629,1,1
free_flight,Free-flight D-opt,dopt,gs_sqp_p_only,p-only,17,71,17.1152169111421,13.5556471290569,20.7976901523691,0.1852223,29,0.00585628856013809,1,0.891374121731623
free_flight,Free-flight D-opt,dopt,gs_sqp_u_only,u-only,17,71,17.1152169111421,16.3967864217528,4.1976125287757,0.0030047,6,0.00422468795039338,1,1
free_flight,Free-flight D-opt,dopt,gs_sqp_all,all,18,72,15.5338321959712,13.3103283038551,14.3139430377833,0.1562117,22,0.00642293589303608,1,1
free_flight,Free-flight D-opt,dopt,gs_sqp_p_only,p-only,18,72,15.5338321959712,13.4505399486523,13.4113219522176,0.5631769,85,0.00646136963778268,1,0.771114840373582
free_flight,Free-flight D-opt,dopt,gs_sqp_u_only,u-only,18,72,15.5338321959712,15.1391564895217,2.54074913048092,0.0077744,14,0.0035311816231614,1,1
free_flight,Free-flight D-opt,dopt,gs_sqp_all,all,19,73,17.1895111277699,13.2919326392832,22.6741671680827,0.2424661,33,0.006463782191546,1,1
free_flight,Free-flight D-opt,dopt,gs_sqp_p_only,p-only,19,73,17.1895111277699,13.3706033696226,22.2165001073113,0.1788099,27,0.00623846007278365,1,0.601846710461143
free_flight,Free-flight D-opt,dopt,gs_sqp_u_only,u-only,19,73,17.1895111277699,15.8336036930203,7.8879930014944,0.0386615,85,0.00470808747911392,1,1
free_flight,Free-flight D-opt,dopt,gs_sqp_all,all,20,74,16.7477193988167,13.5641292641418,19.0090964558425,0.2241354,31,0.005900522956462,1,1
free_flight,Free-flight D-opt,dopt,gs_sqp_p_only,p-only,20,74,16.7477193988167,13.6568342501729,18.4555584855467,0.3058704,45,0.00585928657381105,1,0.582669930569089
free_flight,Free-flight D-opt,dopt,gs_sqp_u_only,u-only,20,74,16.7477193988167,15.7703447077843,5.83586736652352,0.0162911,35,0.00460288203771033,1,1
free_flight,Free-flight D-opt,dopt,gs_sqp_all,all,21,75,16.8353656290649,13.5859875102149,19.3009061427231,0.699351,100,0.00588426541431615,1,1
free_flight,Free-flight D-opt,dopt,gs_sqp_p_only,p-only,21,75,16.8353656290649,13.615543747538,19.1253457303485,0.2831541,44,0.00567835738160968,1,0.85820178839226
free_flight,Free-flight D-opt,dopt,gs_sqp_u_only,u-only,21,75,16.8353656290649,16.6646944693665,1.0137656850397,0.0020037,4,0.00386167162005594,1,1
free_flight,Free-flight D-opt,dopt,gs_sqp_all,all,22,76,16.361491706671,13.1487444012281,19.636029300024,0.2660538,38,0.0067820776933377,1,1
free_flight,Free-flight D-opt,dopt,gs_sqp_p_only,p-only,22,76,16.361491706671,13.2085875042053,19.270273511676,0.2256857,34,0.00663408976469115,1,0.861542768992277
free_flight,Free-flight D-opt,dopt,gs_sqp_u_only,u-only,22,76,16.361491706671,16.0774843070226,1.73582827739706,0.0204849,45,0.00457852377881215,1,1
free_flight,Free-flight D-opt,dopt,gs_sqp_all,all,23,77,17.122286030641,13.4820337531319,21.2603169401256,0.2168684,30,0.0060623886694225,1,1
free_flight,Free-flight D-opt,dopt,gs_sqp_p_only,p-only,23,77,17.122286030641,13.595558090251,20.5972960274039,0.2057434,31,0.00579952180210673,1,0.232338253008422
free_flight,Free-flight D-opt,dopt,gs_sqp_u_only,u-only,23,77,17.122286030641,16.2050035630109,5.35724298723037,0.007921,18,0.00376180218779346,1,1
free_flight,Free-flight D-opt,dopt,gs_sqp_all,all,24,78,15.8920766714202,13.5167433765098,14.9466513660998,0.1553453,23,0.00599942137949778,1,1
free_flight,Free-flight D-opt,dopt,gs_sqp_p_only,p-only,24,78,15.8920766714202,13.5590527878519,14.6804217712082,0.2889455,45,0.00592709273568332,1,0.691245928401679
free_flight,Free-flight D-opt,dopt,gs_sqp_u_only,u-only,24,78,15.8920766714202,15.6176366161465,1.72689863601783,0.013851,29,0.00471656014217083,1,1
free_flight,Free-flight D-opt,dopt,gs_sqp_all,all,25,79,16.5777919212168,13.2830754853267,19.8742778986959,0.3905444,55,0.0064845017554856,1,1
free_flight,Free-flight D-opt,dopt,gs_sqp_p_only,p-only,25,79,16.5777919212168,13.3241015965984,19.6268015673079,0.3791234,57,0.00604812969518858,1,0.944199312388224
free_flight,Free-flight D-opt,dopt,gs_sqp_u_only,u-only,25,79,16.5777919212168,16.103485817835,2.86109335691929,0.0029862,6,0.00464380403978951,1,1
free_flight,Free-flight D-opt,dopt,gs_sqp_all,all,26,80,16.8338398761826,13.0954744334843,22.2074432820737,0.3714766,53,0.0069032119098204,1,1
free_flight,Free-flight D-opt,dopt,gs_sqp_p_only,p-only,26,80,16.8338398761826,13.2213030425795,21.4599690871147,0.3558077,55,0.0068913271425888,1,0.703214858775417
free_flight,Free-flight D-opt,dopt,gs_sqp_u_only,u-only,26,80,16.8338398761826,16.0735833873393,4.51623928013581,0.0192976,42,0.00444266597529206,1,1
free_flight,Free-flight D-opt,dopt,gs_sqp_all,all,27,81,16.6552297357847,13.619273626055,18.2282451691841,0.2263881,33,0.00579611617744897,1,1
free_flight,Free-flight D-opt,dopt,gs_sqp_p_only,p-only,27,81,16.6552297357847,13.7346286253176,17.5356398968907,0.5026864,77,0.00561253445211265,1,0.636493299775107
free_flight,Free-flight D-opt,dopt,gs_sqp_u_only,u-only,27,81,16.6552297357847,15.6679413131381,5.92779828503571,0.0036658,8,0.00429286311397543,1,1
free_flight,Free-flight D-opt,dopt,gs_sqp_all,all,28,82,16.9900550959694,13.3807322891704,21.2437380950886,0.2813403,40,0.00627860502222814,1,1
free_flight,Free-flight D-opt,dopt,gs_sqp_p_only,p-only,28,82,16.9900550959694,13.5360854105553,20.3293612993256,0.656804,100,0.00592207036313601,1,0.753839618389469
free_flight,Free-flight D-opt,dopt,gs_sqp_u_only,u-only,28,82,16.9900550959694,16.4765206863397,3.02255882472996,0.0018689,4,0.0041116982210833,1,1
free_flight,Free-flight D-opt,dopt,gs_sqp_all,all,29,83,17.1052121796831,13.4119274328743,21.5915751761068,0.2349175,32,0.00620903676402445,1,1
free_flight,Free-flight D-opt,dopt,gs_sqp_p_only,p-only,29,83,17.1052121796831,13.4406841904246,21.4234582463179,0.6756987,100,0.00594538612908982,1,0.63466960566782
free_flight,Free-flight D-opt,dopt,gs_sqp_u_only,u-only,29,83,17.1052121796831,16.1812093791833,5.40187862502735,0.010568,22,0.00288766810155796,1,1
free_flight,Free-flight D-opt,dopt,gs_sqp_all,all,30,84,16.5862559478295,13.0726491074272,21.1838455372572,0.2700907,38,0.00695246371855314,1,1
free_flight,Free-flight D-opt,dopt,gs_sqp_p_only,p-only,30,84,16.5862559478295,13.1338449238158,20.8148905628426,0.6574353,100,0.00674021194366991,1,0.863157987338499
free_flight,Free-flight D-opt,dopt,gs_sqp_u_only,u-only,30,84,16.5862559478295,16.4963427911286,0.542094351996838,0.0023242,5,0.00408925427319256,1,1
constrained,Constrained A-opt,aopt,gs_sqp_all,all,1,55,2412.79848176256,1021.29192924945,57.6718927432598,0.0888968,13,0.00293598660473354,1,1
constrained,Constrained A-opt,aopt,gs_sqp_p_only,p-only,1,55,2412.79848176256,1661.19656122885,31.1506297030102,0.159218,25,0.000921518865986635,1,0.959762900075195
constrained,Constrained A-opt,aopt,gs_sqp_u_only,u-only,1,55,2412.79848176256,1427.37645550941,40.8414558323701,0.0056031,11,0.00209880685463447,1,1
constrained,Constrained A-opt,aopt,gs_sqp_all,all,2,56,3125.4000645404,1026.599864042,67.1530094438339,0.1234533,13,0.00292142113669469,1,1
constrained,Constrained A-opt,aopt,gs_sqp_p_only,p-only,2,56,3125.4000645404,1919.37736382939,38.5877863891438,0.1324759,20,0.000738610423601633,1,0.979971851493224
constrained,Constrained A-opt,aopt,gs_sqp_u_only,u-only,2,56,3125.4000645404,1371.0070711471,56.1333895554037,0.0041717,8,0.00218684159001482,1,1
constrained,Constrained A-opt,aopt,gs_sqp_all,all,3,57,1599.62704356193,1019.91711850352,36.2403178535638,0.1583879,22,0.00293921598631012,1,1
constrained,Constrained A-opt,aopt,gs_sqp_p_only,p-only,3,57,1599.62704356193,1150.92578360898,28.0503672252137,0.0907681,13,0.00187646003232719,1,0.994911735887158
constrained,Constrained A-opt,aopt,gs_sqp_u_only,u-only,3,57,1599.62704356193,1403.04198873474,12.2894305656055,0.0039372,6,0.00213753996955504,1,1
constrained,Constrained A-opt,aopt,gs_sqp_all,all,4,58,1545.93468702606,1022.74409432064,33.8429946036008,0.1212344,17,0.00293061742646852,1,1
constrained,Constrained A-opt,aopt,gs_sqp_p_only,p-only,4,58,1545.93468702606,1120.21767958659,27.5378391475535,0.0729548,11,0.00189256925602973,1,0.996466285316882
constrained,Constrained A-opt,aopt,gs_sqp_u_only,u-only,4,58,1545.93468702606,1353.89721892319,12.4220945240771,0.0056467,11,0.00221395420496739,1,1
constrained,Constrained A-opt,aopt,gs_sqp_all,all,5,59,2947.78045433774,1031.71463623166,65.0002891255532,0.0855258,12,0.00290768816978301,1,1
constrained,Constrained A-opt,aopt,gs_sqp_p_only,p-only,5,59,2947.78045433774,2023.82568933893,31.3440834319661,0.1144035,17,0.000696391568033415,1,0.983370378121904
constrained,Constrained A-opt,aopt,gs_sqp_u_only,u-only,5,59,2947.78045433774,1475.49890134756,49.9454276122796,0.0028595,5,0.0020331169390662,1,1
constrained,Constrained A-opt,aopt,gs_sqp_all,all,6,60,1957.63145999938,1018.07819014581,47.9943896004748,0.1272541,18,0.00294625705111283,1,1
constrained,Constrained A-opt,aopt,gs_sqp_p_only,p-only,6,60,1957.63145999938,1281.12664090312,34.5573123909889,0.071068,11,0.00138587227687792,1,0.987257451285603
constrained,Constrained A-opt,aopt,gs_sqp_u_only,u-only,6,60,1957.63145999938,1537.49303767157,21.4615687841439,0.0024901,5,0.00194970283734019,1,1
constrained,Constrained A-opt,aopt,gs_sqp_all,all,7,61,1639.24927468277,1032.28907116096,37.0267178333367,0.2177929,31,0.00289729104128604,1,1
constrained,Constrained A-opt,aopt,gs_sqp_p_only,p-only,7,61,1639.24927468277,1234.68336708583,24.6799503800441,0.1706037,26,0.00182883789928717,1,0.98945024273346
constrained,Constrained A-opt,aopt,gs_sqp_u_only,u-only,7,61,1639.24927468277,1360.28508312834,17.017801737836,0.0039658,8,0.00220267266619976,1,1
constrained,Constrained A-opt,aopt,gs_sqp_all,all,8,62,1980.80979258537,1031.39092084726,47.9308450156092,0.0902155,13,0.00290853707009042,1,1
constrained,Constrained A-opt,aopt,gs_sqp_p_only,p-only,8,62,1980.80979258537,1208.49870013363,38.9896644969485,0.0440421,7,0.00165450000818451,1,0.99030940522747
constrained,Constrained A-opt,aopt,gs_sqp_u_only,u-only,8,62,1980.80979258537,1522.72195506997,23.1262910366321,0.0029642,6,0.00196983796152217,1,1
constrained,Constrained A-opt,aopt,gs_sqp_all,all,9,63,1918.61821800513,1011.974083498,47.2550571030125,0.1508397,21,0.0029595150883067,1,1
constrained,Constrained A-opt,aopt,gs_sqp_p_only,p-only,9,63,1918.61821800513,1284.77504512905,33.0364408576873,0.0523014,8,0.00136407480083357,1,0.981369267452704
constrained,Constrained A-opt,aopt,gs_sqp_u_only,u-only,9,63,1918.61821800513,1479.59093221618,22.8824724830055,0.0088262,16,0.00202471776190551,1,1
constrained,Constrained A-opt,aopt,gs_sqp_all,all,10,64,2071.28238171839,1025.32827804605,50.4978998954544,0.1326278,19,0.00290643566569726,1,1
constrained,Constrained A-opt,aopt,gs_sqp_p_only,p-only,10,64,2071.28238171839,1364.95577876621,34.1009323106488,0.0774061,12,0.00133501646357966,1,0.9738416478561
constrained,Constrained A-opt,aopt,gs_sqp_u_only,u-only,10,64,2071.28238171839,1399.05915351207,32.4544462956628,0.014708,31,0.00214140934291562,1,1
constrained,Constrained A-opt,aopt,gs_sqp_all,all,11,65,1970.05184279924,1016.70528131907,48.3919529815807,0.1031764,15,0.00294960583909905,1,1
constrained,Constrained A-opt,aopt,gs_sqp_p_only,p-only,11,65,1970.05184279924,1465.29978323313,25.6212577050213,0.1228015,19,0.00112688289994545,1,0.981919739470706
constrained,Constrained A-opt,aopt,gs_sqp_u_only,u-only,11,65,1970.05184279924,1355.36852747831,31.2013776473786,0.0090654,18,0.00220811400430506,1,1
constrained,Constrained A-opt,aopt,gs_sqp_all,all,12,66,1797.64476392163,1018.68580066225,43.3321965992908,0.0825159,12,0.00294477461107591,1,1
constrained,Constrained A-opt,aopt,gs_sqp_p_only,p-only,12,66,1797.64476392163,1332.51361742673,25.8744750815058,0.0497263,8,0.00144844124849264,1,0.989816092178095
constrained,Constrained A-opt,aopt,gs_sqp_u_only,u-only,12,66,1797.64476392163,1332.6455307421,25.8671369623168,0.0018943,4,0.00225090244158498,1,1
constrained,Constrained A-opt,aopt,gs_sqp_all,all,13,67,2848.87496164606,1027.33133013379,63.9390515917834,0.1696934,25,0.00291758187505104,1,1
constrained,Constrained A-opt,aopt,gs_sqp_p_only,p-only,13,67,2848.87496164606,1754.83722311527,38.4024484492876,0.0902071,14,0.000865143091666369,1,0.97976720703638
constrained,Constrained A-opt,aopt,gs_sqp_u_only,u-only,13,67,2848.87496164606,1465.57555131115,48.5559889064297,0.0037753,7,0.00204681793013125,1,1
constrained,Constrained A-opt,aopt,gs_sqp_all,all,14,68,1499.61339466938,1024.18572674534,31.7033489840799,0.1018169,14,0.00292780114025661,1,1
constrained,Constrained A-opt,aopt,gs_sqp_p_only,p-only,14,68,1499.61339466938,1154.15218157888,23.0366849428328,0.0886112,13,0.00208349010420744,1,0.996301551224001
constrained,Constrained A-opt,aopt,gs_sqp_u_only,u-only,14,68,1499.61339466938,1372.60010403298,8.46973567239987,0.0050948,7,0.00218328694837283,1,1
constrained,Constrained A-opt,aopt,gs_sqp_all,all,15,69,3327.32720987804,1018.74332171547,69.3825326619195,0.1252954,18,0.00294018380429621,1,1
constrained,Constrained A-opt,aopt,gs_sqp_p_only,p-only,15,69,3327.32720987804,1850.59841020301,44.3818328203783,0.0714604,11,0.000781528301673223,1,0.989497939906655
constrained,Constrained A-opt,aopt,gs_sqp_u_only,u-only,15,69,3327.32720987804,1472.95912268274,55.7314616275227,0.0122234,26,0.00203247094135138,1,1
constrained,Constrained A-opt,aopt,gs_sqp_all,all,16,70,1632.35298719547,1024.08031926197,37.2635497778309,0.0817102,12,0.00292798228372247,1,1
constrained,Constrained A-opt,aopt,gs_sqp_p_only,p-only,16,70,1632.35298719547,1172.58518755641,28.1659544991537,0.1007482,15,0.00176419767349514,1,0.993456533288544
constrained,Constrained A-opt,aopt,gs_sqp_u_only,u-only,16,70,1632.35298719547,1395.39410518032,14.5163995700622,0.0057865,11,0.0021465554662764,1,1
constrained,Constrained A-opt,aopt,gs_sqp_all,all,17,71,2178.03882983862,1031.32893339361,52.6487352169925,0.0966677,14,0.00290842807121245,1,1
constrained,Constrained A-opt,aopt,gs_sqp_p_only,p-only,17,71,2178.03882983862,1441.46852680241,33.8180519532238,0.0816358,13,0.00126914798520509,1,0.978354180536327
constrained,Constrained A-opt,aopt,gs_sqp_u_only,u-only,17,71,2178.03882983862,1495.20396431105,31.3509041332457,0.0049608,10,0.00200613761476239,1,1
constrained,Constrained A-opt,aopt,gs_sqp_all,all,18,72,1722.93954624854,1023.2148692138,40.6122593539795,0.1417482,19,0.00293032218199527,1,1
constrained,Constrained A-opt,aopt,gs_sqp_p_only,p-only,18,72,1722.93954624854,1129.19315687437,34.4612433249309,0.3113363,48,0.00190280924611187,1,0.979825477717458
constrained,Constrained A-opt,aopt,gs_sqp_u_only,u-only,18,72,1722.93954624854,1441.16030509101,16.3545634419421,0.003813,6,0.00208077577706542,1,1
constrained,Constrained A-opt,aopt,gs_sqp_all,all,19,73,1875.67094247271,1023.14238639941,45.4519253227544,0.1064136,15,0.0029294529571051,1,1
constrained,Constrained A-opt,aopt,gs_sqp_p_only,p-only,19,73,1875.67094247271,1235.56186017719,34.1269392088393,0.0871743,14,0.00147770174365895,1,0.969670919781717
constrained,Constrained A-opt,aopt,gs_sqp_u_only,u-only,19,73,1875.67094247271,1483.10708302769,20.9292499316274,0.0028633,6,0.00202275532885889,1,1
constrained,Constrained A-opt,aopt,gs_sqp_all,all,20,74,1829.37661767819,1031.93616648593,43.5908299847165,0.1228116,18,0.00290509697768927,1,1
constrained,Constrained A-opt,aopt,gs_sqp_p_only,p-only,20,74,1829.37661767819,1274.05450113447,30.355811437479,0.069701,11,0.00140952306904079,1,0.983872840158471
constrained,Constrained A-opt,aopt,gs_sqp_u_only,u-only,20,74,1829.37661767819,1405.6721956946,23.1611368533477,0.0053881,10,0.00213307254496811,1,1
constrained,Constrained A-opt,aopt,gs_sqp_all,all,21,75,2676.00945199704,1032.62831073202,61.4116344035557,0.1191758,18,0.00290323907692789,1,1
constrained,Constrained A-opt,aopt,gs_sqp_p_only,p-only,21,75,2676.00945199704,1731.62671761335,35.2907099666228,0.0942641,15,0.00121518161326621,1,0.963955370671052
constrained,Constrained A-opt,aopt,gs_sqp_u_only,u-only,21,75,2676.00945199704,1433.21598578136,46.4420432180541,0.0043128,9,0.00209196934513431,1,1
constrained,Constrained A-opt,aopt,gs_sqp_all,all,22,76,1561.34904222049,1018.36110647772,34.7768449629017,0.0843692,12,0.00294482758492965,1,1
constrained,Constrained A-opt,aopt,gs_sqp_p_only,p-only,22,76,1561.34904222049,1139.24299871733,27.0347008957628,0.0695122,11,0.00191315597923679,1,0.991300312622769
constrained,Constrained A-opt,aopt,gs_sqp_u_only,u-only,22,76,1561.34904222049,1375.7168127261,11.8892204417272,0.0041166,8,0.00218006492592378,1,1
constrained,Constrained A-opt,aopt,gs_sqp_all,all,23,77,2217.06575434512,1028.94191829175,53.5899232453897,0.1018286,14,0.00291530771158055,1,1
constrained,Constrained A-opt,aopt,gs_sqp_p_only,p-only,23,77,2217.06575434512,1582.20632253137,28.6351196652387,0.0520217,8,0.00124266947369538,1,0.993785285282046
constrained,Constrained A-opt,aopt,gs_sqp_u_only,u-only,23,77,2217.06575434512,1377.64402778333,37.8618326910986,0.0025327,5,0.00217756776841427,1,1
constrained,Constrained A-opt,aopt,gs_sqp_all,all,24,78,1946.48309738193,1030.03250459729,47.082381245298,0.1095285,16,0.00291193591384323,1,1
constrained,Constrained A-opt,aopt,gs_sqp_p_only,p-only,24,78,1946.48309738193,1429.49119138076,26.5603080086612,0.1029761,16,0.00118194039548276,1,0.987245378537902
constrained,Constrained A-opt,aopt,gs_sqp_u_only,u-only,24,78,1946.48309738193,1401.24808623701,28.0112892774807,0.0043351,9,0.0021400227877158,1,1
constrained,Constrained A-opt,aopt,gs_sqp_all,all,25,79,1613.85457322602,1022.92382217339,36.6161090879078,0.1290757,19,0.00292996885815637,1,1
constrained,Constrained A-opt,aopt,gs_sqp_p_only,p-only,25,79,1613.85457322602,1112.37682025469,31.0732925562738,0.1018902,16,0.00194482963701124,1,0.990383586919786
constrained,Constrained A-opt,aopt,gs_sqp_u_only,u-only,25,79,1613.85457322602,1473.14487747711,8.71885844507256,0.0025949,5,0.00203617779238136,1,1
constrained,Constrained A-opt,aopt,gs_sqp_all,all,26,80,2736.83140800935,1017.08758024983,62.8370393122019,0.0976794,14,0.00294796799887724,1,1
constrained,Constrained A-opt,aopt,gs_sqp_p_only,p-only,26,80,2736.83140800935,1577.99825502881,42.3421460886926,0.1041655,16,0.00101298906399213,1,0.978476833834046
constrained,Constrained A-opt,aopt,gs_sqp_u_only,u-only,26,80,2736.83140800935,1559.87135186447,43.0044778315722,0.0080628,14,0.00192133895772474,1,1
constrained,Constrained A-opt,aopt,gs_sqp_all,all,27,81,1870.6961093929,1034.34034368173,44.7082645605437,0.130605,19,0.00289997826082036,1,1
constrained,Constrained A-opt,aopt,gs_sqp_p_only,p-only,27,81,1870.6961093929,1326.78506728056,29.0753286640909,0.0384277,6,0.00167239332809355,1,0.975152541290415
constrained,Constrained A-opt,aopt,gs_sqp_u_only,u-only,27,81,1870.6961093929,1464.52235232648,21.7124392907534,0.0029102,6,0.00204822780340766,1,1
constrained,Constrained A-opt,aopt,gs_sqp_all,all,28,82,1853.37650756562,1025.88734586231,44.6476556881689,0.1227044,17,0.00291903221818844,1,1
constrained,Constrained A-opt,aopt,gs_sqp_p_only,p-only,28,82,1853.37650756562,1386.28219255483,25.2023435661387,0.129791,20,0.00134735226276895,1,0.97220237137617
constrained,Constrained A-opt,aopt,gs_sqp_u_only,u-only,28,82,1853.37650756562,1351.876348639,27.0587307478788,0.0088485,16,0.00221781939044231,1,1
constrained,Constrained A-opt,aopt,gs_sqp_all,all,29,83,1526.73004992433,1026.85906083707,32.7412818731142,0.0849997,12,0.00292115378565472,1,1
constrained,Constrained A-opt,aopt,gs_sqp_p_only,p-only,29,83,1526.73004992433,1115.91262977387,26.9083208371267,0.071873,11,0.0021692560083346,1,0.988106471016732
constrained,Constrained A-opt,aopt,gs_sqp_u_only,u-only,29,83,1526.73004992433,1395.2196034584,8.61386375885137,0.0058337,12,0.00214845920893697,1,1
constrained,Constrained A-opt,aopt,gs_sqp_all,all,30,84,1470.66186276764,1015.86438132744,30.9246804417916,0.1249738,18,0.00295272873275854,1,1
constrained,Constrained A-opt,aopt,gs_sqp_p_only,p-only,30,84,1470.66186276764,1063.4122135821,27.6915897186004,0.0740171,11,0.00219295428277864,1,0.996609522359186
constrained,Constrained A-opt,aopt,gs_sqp_u_only,u-only,30,84,1470.66186276764,1421.26099260366,3.35909099260985,0.0049449,9,0.00210928356036558,1,1
constrained,Constrained D-opt,dopt,gs_sqp_all,all,1,55,19.200889023749,17.4906335280813,8.90716827513748,0.1214286,18,0.00293669861668608,1,1
constrained,Constrained D-opt,dopt,gs_sqp_p_only,p-only,1,55,19.200889023749,18.2005313516027,5.20995497088157,0.0870199,14,0.000864892410272473,1,0.976016687777765
constrained,Constrained D-opt,dopt,gs_sqp_u_only,u-only,1,55,19.200889023749,18.494948752961,3.67660200480749,0.0032399,7,0.00209515544165022,1,1
constrained,Constrained D-opt,dopt,gs_sqp_all,all,2,56,19.42197055162,17.5061868340074,9.86400279271772,0.0894033,13,0.0029183126701607,1,1
constrained,Constrained D-opt,dopt,gs_sqp_p_only,p-only,2,56,19.42197055162,18.3435240810914,5.55271396206838,0.0564155,9,0.000703877168291223,1,0.979971851493224
constrained,Constrained D-opt,dopt,gs_sqp_u_only,u-only,2,56,19.42197055162,18.3740828489621,5.39537272941933,0.0029378,6,0.00217945000921406,1,1
constrained,Constrained D-opt,dopt,gs_sqp_all,all,3,57,18.6492313261831,17.4865933698382,6.23424062906298,0.1045904,15,0.00293813029194109,1,1
constrained,Constrained D-opt,dopt,gs_sqp_p_only,p-only,3,57,18.6492313261831,17.6990031789264,5.09526709512465,0.1253303,19,0.00179913092650951,1,0.993214716905084
constrained,Constrained D-opt,dopt,gs_sqp_u_only,u-only,3,57,18.6492313261831,18.4433575558257,1.10392630536097,0.0023244,5,0.00213619888657319,1,1
constrained,Constrained D-opt,dopt,gs_sqp_all,all,4,58,18.5194104306922,17.4948977475822,5.53210204473922,0.2022707,30,0.00292868182577137,1,1
constrained,Constrained D-opt,dopt,gs_sqp_p_only,p-only,4,58,18.5194104306922,17.6295752282658,4.80487867449421,0.0814134,13,0.00184978457343119,1,0.988161232349802
constrained,Constrained D-opt,dopt,gs_sqp_u_only,u-only,4,58,18.5194104306922,18.3363957017355,0.988231939896908,0.0041123,9,0.00220959798329781,1,1
constrained,Constrained D-opt,dopt,gs_sqp_all,all,5,59,19.4742102616072,17.5210992506344,10.0292180516472,0.0811776,12,0.00290151347693213,1,1
constrained,Constrained D-opt,dopt,gs_sqp_p_only,p-only,5,59,19.4742102616072,18.4507260342403,5.25558784473411,0.6545635,100,0.000625225717375696,1,0.995736013931134
constrained,Constrained D-opt,dopt,gs_sqp_u_only,u-only,5,59,19.4742102616072,18.5944176967137,4.51773167216956,0.0019736,4,0.00203227734427714,1,1
constrained,Constrained D-opt,dopt,gs_sqp_all,all,6,60,19.0430519798138,17.4811801041447,8.20179390007827,0.1770348,26,0.00294386340161285,1,1
constrained,Constrained D-opt,dopt,gs_sqp_p_only,p-only,6,60,19.0430519798138,17.8064367710837,6.49378686799238,0.0772712,12,0.0013272200735271,1,0.995403624490227
constrained,Constrained D-opt,dopt,gs_sqp_u_only,u-only,6,60,19.0430519798138,18.717888252053,1.70751898438061,0.0018499,4,0.00194943641570913,1,1
constrained,Constrained D-opt,dopt,gs_sqp_all,all,7,61,18.6546434966103,17.5227514129411,6.06761573264494,0.2433185,36,0.00290413536207636,1,1
constrained,Constrained D-opt,dopt,gs_sqp_p_only,p-only,7,61,18.6546434966103,17.9403670381102,3.82894724645826,0.071428,11,0.00173168356298456,1,0.98945024273346
constrained,Constrained D-opt,dopt,gs_sqp_u_only,u-only,7,61,18.6546434966103,18.3505180721656,1.6302934146126,0.0023113,5,0.00219873764049019,1,1
constrained,Constrained D-opt,dopt,gs_sqp_all,all,8,62,19.0879594275372,17.5201538653845,8.21358389881589,0.1275007,19,0.00290854574696693,1,1
constrained,Constrained D-opt,dopt,gs_sqp_p_only,p-only,8,62,19.0879594275372,17.7661005753229,6.92509252878677,0.0830781,13,0.00159784725860075,1,0.99030940522747
constrained,Constrained D-opt,dopt,gs_sqp_u_only,u-only,8,62,19.0879594275372,18.688931038974,2.09047169278617,0.0035392,6,0.00196629101133682,1,1
constrained,Constrained D-opt,dopt,gs_sqp_all,all,9,63,18.9664968607132,17.46320498785,7.92603865596848,0.1042085,15,0.00294967594498517,1,1
constrained,Constrained D-opt,dopt,gs_sqp_p_only,p-only,9,63,18.9664968607132,17.8032090653055,6.13338247938305,0.1622081,24,0.00132341265214296,1,0.981369267452704
constrained,Constrained D-opt,dopt,gs_sqp_u_only,u-only,9,63,18.9664968607132,18.6027428062777,1.91787685995374,0.004532,10,0.0020190933808964,1,1
constrained,Constrained D-opt,dopt,gs_sqp_all,all,10,64,19.0075732622893,17.5024929029912,7.9183193905353,0.1232285,18,0.00290008833584648,1,1
constrained,Constrained D-opt,dopt,gs_sqp_p_only,p-only,10,64,19.0075732622893,17.9909495950939,5.34851899906831,0.4447394,70,0.0013111133645473,1,0.9738416478561
constrained,Constrained D-opt,dopt,gs_sqp_u_only,u-only,10,64,19.0075732622893,18.4348483416561,3.01314067151036,0.010224,22,0.00213342058572067,1,1
constrained,Constrained D-opt,dopt,gs_sqp_all,all,11,65,18.8427220809341,17.4771363508899,7.2472847828393,0.1164157,17,0.00294266763820067,1,1
constrained,Constrained D-opt,dopt,gs_sqp_p_only,p-only,11,65,18.8427220809341,17.9972093255955,4.48721130475209,0.0845555,13,0.00105492791468919,1,0.992647975335359
constrained,Constrained D-opt,dopt,gs_sqp_u_only,u-only,11,65,18.8427220809341,18.3396860438108,2.66965693684098,0.0043885,8,0.00219709159629354,1,1
constrained,Constrained D-opt,dopt,gs_sqp_all,all,12,66,18.7629442296669,17.4829700088074,6.82181967388494,0.1371287,20,0.00294199899711995,1,1
constrained,Constrained D-opt,dopt,gs_sqp_p_only,p-only,12,66,18.7629442296669,17.9130731660624,4.52951867895399,0.1044202,16,0.00142901831621208,1,0.985632371741431
constrained,Constrained D-opt,dopt,gs_sqp_u_only,u-only,12,66,18.7629442296669,18.288927400069,2.52634567259632,0.0020453,4,0.00225007001344145,1,1
constrained,Constrained D-opt,dopt,gs_sqp_all,all,13,67,19.4505692357995,17.5083199310253,9.98556536432591,0.1022016,15,0.00291963692537699,1,1
constrained,Constrained D-opt,dopt,gs_sqp_p_only,p-only,13,67,19.4505692357995,18.2841330273233,5.99692581916528,0.1005326,16,0.0008139993091277,1,0.97976720703638
constrained,Constrained D-opt,dopt,gs_sqp_u_only,u-only,13,67,19.4505692357995,18.5741732515424,4.50576008153069,0.002773,6,0.00204630721353949,1,1
constrained,Constrained D-opt,dopt,gs_sqp_all,all,14,68,18.5190599438408,17.499123012866,5.50749840471218,0.134455,20,0.0029267862647214,1,1
constrained,Constrained D-opt,dopt,gs_sqp_p_only,p-only,14,68,18.5190599438408,17.6954451152546,4.44739004616751,0.075525,12,0.00206558604094054,1,0.996301551224001
constrained,Constrained D-opt,dopt,gs_sqp_u_only,u-only,14,68,18.5190599438408,18.3775793929478,0.763972638579052,0.0026228,4,0.00217676847709217,1,1
constrained,Constrained D-opt,dopt,gs_sqp_all,all,15,69,19.6795167873871,17.4831442219338,11.1607037366943,0.1187709,18,0.00293432670052247,1,1
constrained,Constrained D-opt,dopt,gs_sqp_p_only,p-only,15,69,19.6795167873871,18.3405574859237,6.8038220446631,0.0828192,13,0.000729088738998294,1,0.989497939906655
constrained,Constrained D-opt,dopt,gs_sqp_u_only,u-only,15,69,19.6795167873871,18.5893167219012,5.53977049977497,0.0087811,19,0.00201813855906578,1,1
constrained,Constrained D-opt,dopt,gs_sqp_all,all,16,70,18.6692028126576,17.4988241309983,6.26903405251868,0.112693,17,0.00291901643050353,1,1
constrained,Constrained D-opt,dopt,gs_sqp_p_only,p-only,16,70,18.6692028126576,17.7111865737281,5.13153265590974,0.080326,13,0.00174179957105263,1,0.993456533288544
constrained,Constrained D-opt,dopt,gs_sqp_u_only,u-only,16,70,18.6692028126576,18.4269780600849,1.29745632421149,0.0033907,7,0.00213838259667465,1,1
constrained,Constrained D-opt,dopt,gs_sqp_all,all,17,71,19.212552664945,17.5199738075473,8.80975519971371,0.1267507,19,0.00290714945533343,1,1
constrained,Constrained D-opt,dopt,gs_sqp_p_only,p-only,17,71,19.212552664945,18.1040756746155,5.76954561770467,0.1842236,29,0.00125293870840445,1,0.981103654027534
constrained,Constrained D-opt,dopt,gs_sqp_u_only,u-only,17,71,19.212552664945,18.634216888092,3.01019748358735,0.0027952,6,0.00200587212266225,1,1
constrained,Constrained D-opt,dopt,gs_sqp_all,all,18,72,18.7940250516128,17.4962813805371,6.90508641715578,0.1274839,19,0.00292573439941246,1,1
constrained,Constrained D-opt,dopt,gs_sqp_p_only,p-only,18,72,18.7940250516128,17.6446755708788,6.11550467543602,0.0813246,13,0.00190280924611187,1,0.979825477717458
constrained,Constrained D-opt,dopt,gs_sqp_u_only,u-only,18,72,18.7940250516128,18.5237752715236,1.43795583621411,0.0022773,5,0.00207941714201344,1,1
constrained,Constrained D-opt,dopt,gs_sqp_all,all,19,73,18.9302615517362,17.4960774131898,7.57614539358979,0.1081802,16,0.00292312476155296,1,1
constrained,Constrained D-opt,dopt,gs_sqp_p_only,p-only,19,73,18.9302615517362,17.7776649430709,6.08864597837331,0.0762151,12,0.00147545101839608,1,0.969670919781717
constrained,Constrained D-opt,dopt,gs_sqp_u_only,u-only,19,73,18.9302615517362,18.6098467763136,1.69260617211701,0.0026743,6,0.00202267064486245,1,1
constrained,Constrained D-opt,dopt,gs_sqp_all,all,20,74,18.805006526947,17.5217691820172,6.82391331846118,0.1220409,18,0.0028894269694935,1,1
constrained,Constrained D-opt,dopt,gs_sqp_p_only,p-only,20,74,18.805006526947,17.8188608312433,5.24405931096373,0.0973281,14,0.00136886050967023,1,0.990868186081735
constrained,Constrained D-opt,dopt,gs_sqp_u_only,u-only,20,74,18.805006526947,18.4489773151343,1.89326821717688,0.0042861,8,0.00213106091874645,1,1
constrained,Constrained D-opt,dopt,gs_sqp_all,all,21,75,19.5850131622483,17.5237655863046,10.5246167509192,0.1578287,23,0.00289759882573854,1,1
constrained,Constrained D-opt,dopt,gs_sqp_p_only,p-only,21,75,19.5850131622483,18.4956639921978,5.56215694636522,0.0649986,10,0.00121518161326621,1,0.963955370671052
constrained,Constrained D-opt,dopt,gs_sqp_u_only,u-only,21,75,19.5850131622483,18.5072029855244,5.50323948110207,0.00253,5,0.00208655108594401,1,1
constrained,Constrained D-opt,dopt,gs_sqp_all,all,22,76,18.5858772417547,17.4820280343959,5.93918270846468,0.1579862,23,0.00293777885221693,1,1
constrained,Constrained D-opt,dopt,gs_sqp_p_only,p-only,22,76,18.5858772417547,17.6617022471327,4.97245829508538,0.0872428,14,0.00189852055780625,1,0.991300312622769
constrained,Constrained D-opt,dopt,gs_sqp_u_only,u-only,22,76,18.5858772417547,18.3843557331036,1.08427224623228,0.0033376,7,0.00217704338201698,1,1
constrained,Constrained D-opt,dopt,gs_sqp_all,all,23,77,19.1961169081747,17.5130229405634,8.76788767052449,0.0887271,13,0.00291248444166658,1,1
constrained,Constrained D-opt,dopt,gs_sqp_p_only,p-only,23,77,19.1961169081747,18.2953425576333,4.69248210380426,0.0822637,13,0.00124266947369538,1,0.993785285282046
constrained,Constrained D-opt,dopt,gs_sqp_u_only,u-only,23,77,19.1961169081747,18.3885539734054,4.20690777531925,0.0019901,4,0.00217583551632583,1,1
constrained,Constrained D-opt,dopt,gs_sqp_all,all,24,78,18.9024283469582,17.5162000105438,7.3335992125977,0.1148211,17,0.00291156436974394,1,1
constrained,Constrained D-opt,dopt,gs_sqp_p_only,p-only,24,78,18.9024283469582,18.0152557623209,4.69343180861731,0.1193722,19,0.0011345459135524,1,0.987245378537902
constrained,Constrained D-opt,dopt,gs_sqp_u_only,u-only,24,78,18.9024283469582,18.4395205837823,2.44893277561545,0.0033914,6,0.00213759584343703,1,1
constrained,Constrained D-opt,dopt,gs_sqp_all,all,25,79,18.7287411593385,17.4954320496333,6.58511482011838,0.1034307,15,0.00292277130543865,1,1
constrained,Constrained D-opt,dopt,gs_sqp_p_only,p-only,25,79,18.7287411593385,17.6844241772032,5.57601268152827,0.0895602,14,0.00192788561342792,1,0.984727265909631
constrained,Constrained D-opt,dopt,gs_sqp_u_only,u-only,25,79,18.7287411593385,18.5896280125844,0.742778949052354,0.0025267,5,0.00203460216823398,1,1
constrained,Constrained D-opt,dopt,gs_sqp_all,all,26,80,19.5383826976013,17.4782720968604,10.5439156998075,0.1154704,17,0.0029383026559006,1,1
constrained,Constrained D-opt,dopt,gs_sqp_p_only,p-only,26,80,19.5383826976013,18.1661284673008,7.02337676326158,0.1098364,17,0.00100161747430617,1,0.978476833834046
constrained,Constrained D-opt,dopt,gs_sqp_u_only,u-only,26,80,19.5383826976013,18.7612693095975,3.97736803517114,0.0046669,10,0.00191185534145473,1,1
constrained,Constrained D-opt,dopt,gs_sqp_all,all,27,81,18.9732507537026,17.528722336725,7.61349984633361,0.1472755,18,0.00289597672499043,1,1
constrained,Constrained D-opt,dopt,gs_sqp_p_only,p-only,27,81,18.9732507537026,17.9977674003503,5.14136120380927,0.1080326,17,0.00157948709627996,1,0.995133241838284
constrained,Constrained D-opt,dopt,gs_sqp_u_only,u-only,27,81,18.9732507537026,18.572016664751,2.11473560414175,0.002715,6,0.00204767877756013,1,1
constrained,Constrained D-opt,dopt,gs_sqp_all,all,28,82,18.8114059862127,17.5041095294584,6.94948829296663,0.334394,50,0.00291284721308614,1,1
constrained,Constrained D-opt,dopt,gs_sqp_p_only,p-only,28,82,18.8114059862127,18.0284035598492,4.16238120073228,0.2087463,30,0.00129571316291247,1,0.974697598825029
constrained,Constrained D-opt,dopt,gs_sqp_u_only,u-only,28,82,18.8114059862127,18.3319128707839,2.54894884401641,0.0046128,10,0.00221444513144954,1,1
constrained,Constrained D-opt,dopt,gs_sqp_all,all,29,83,18.5683784493062,17.5069499678287,5.71632296474018,0.128413,19,0.0029128933925323,1,1
constrained,Constrained D-opt,dopt,gs_sqp_p_only,p-only,29,83,18.5683784493062,17.6398470227725,5.00060589064759,0.0967356,15,0.00217387175297758,1,0.988106471016732
constrained,Constrained D-opt,dopt,gs_sqp_u_only,u-only,29,83,18.5683784493062,18.4266261658815,0.763406906056639,0.0054416,12,0.0021348109235619,1,1
constrained,Constrained D-opt,dopt,gs_sqp_all,all,30,84,18.5329203510484,17.4746511517947,5.71021284939456,0.1741485,26,0.00294938243613062,1,1
constrained,Constrained D-opt,dopt,gs_sqp_p_only,p-only,30,84,18.5329203510484,17.5442476381203,5.33468387173077,0.0883717,14,0.00215637475638475,1,0.996245098351406
constrained,Constrained D-opt,dopt,gs_sqp_u_only,u-only,30,84,18.5329203510484,18.4820698788819,0.274379165308534,0.0027204,6,0.00210468779747574,1,1
